"Nama","rsqaWe","Ulasan","dSlJg","dSlJg 2","znYl0 2","kyuRq","fontBodySmall","fontBodySmall 2"
"Richie Leonardo","2 minggu lalu","Tiket masuk 35rb dapat bonus susu murni (rasa original, stroberi, coklat) dari kupon yang didapat setelah membeli tiket. Ada banyak tempat pilihan rekreasi di dalam sana jadi tidak bosan keliling"" saja. Ada 1 taman bunga yang fotogenik. â€¦","î£œ","î ","Bagikan","","",""
"sintiya mukholif","3 minggu lalu","kesini saat hari libur nasional, harga tiketnya 35K. tiketnya bisa dityjarkan susu murni 1 cup (kurabg lebih 150ml) saat di pintu masuk atau ditukarkan untuk potongan makan atau minum di resto di dalam farmhousse senominal 25K.  Untuk harga â€¦","î£œ","î ","Bagikan","","",""
"Fakhrizal Ahmad","seminggu lalu","Sesuai dengan map, jalanan pada weekend sedikit padat meski bukan lobur sekolah.
Parkiran nya luas, ada restoran dan toko oleh2 di dalam nya. â€¦","î£œ","î ","Bagikan","","",""
"Febryanto","4 minggu lalu","Tempat wisata untuk foto-foto dengan spot cantik dan ada penyewaan baju khas eropa. Ada beberapa toko oleh-oleh dan souvenir. Harga tiketnya kalo tidak salah Rp 35K pada saat pulang bisa ditukar dengan segelas susu.","î£œ","î ","Bagikan","","",""
"Mutia Lagan","3 minggu lalu","Tiket masuk lumayan murah tapi kalo mau masuk ke wahana-wahana lainnya mesti bayar lagi.
Hewan-hewan terawat , masuk kandang domba, dombanya agresif ğŸ¤£ â€¦","î£œ","î ","Bagikan","","",""
"Zainal Abidin","sebulan lalu","Tempat wisata yg masih di kawasan Lembang. Tiket masuknya tidak mahal, juga bisa ditukar dgn segelas susu dipintu masuk. Sebuah tempat wisata yg berisi bangunan2 mirip di Eropa, ada tempat persewaan baju2 Eropa juga untuk selfi. Dari sini â€¦","î£œ","î ","Bagikan","","",""
"Robbie Indra","sebulan lalu","Tempat menarik buat dikunjungi, tema tempatnya a-la a-la Londo gitu, walaupun jalan dari pusat Kota Bandung menuju kesini bikin penat karena macet. Karena terletak di wilayah perbukitan, udara disini sejuk juga. Tempatnya juga bersih. â€¦","î£œ","î ","Bagikan","","",""
"Devina Natanael","4 minggu lalu","tiket masuk weekend Rp 35.000/orang (beli langsung) , pesan via traveloka jadi Rp 30.000/orang, sudah termasuk voucher yg bisa di tukar dengan segelas susu / pembayaran makan di restaurant, foto dengan hewan ada berbayar Rp 10.000 per â€¦","î£œ","î ","Bagikan","","",""
"isal faizal","sebulan lalu","Spot foto yang biasa saja lokasinya, viewnya tidak terlalu banyak dan kurang mengesankan. Tidak heran walau akhir pekan pengunjungnya tidak ramai. Perlu dibuat terobosan agar pengunjung dapat menikmati suasana di dalam lebih lama dan nyaman.","î£œ","î ","Bagikan","","",""
"Fazri Muharrom","sebulan lalu","Salah satu pilihan destinasi wisata edukasi untuk anak-anak pada saat berlibur ke Bandung, khususnya binatang. Suasananya sejuk karena posisinya di jalur Lembang. Masuk ke wahana wajib tunjukan tiket, untuk tiket bisa dibeli secara daring. â€¦","î£œ","î ","Bagikan","","",""
"","","","","","","","",""
"","","","","","","","",""
"","","","","","","","",""
"","","","","","","","",""
"","","","","","","","",""
"","","","","","","","",""
"","","","","","","","",""
"","","","","","","","",""
"","","","","","","","",""
"","","","","","","","",""
"","","","","","","","",""
"","","","","","","","",""
"","","","","","","","",""
"","","","","","","","",""
"","","","","","","","",""
"Andi Kurniadi","sebulan lalu","Harga tiket masuk : 40,000

Ada wahana baru Farm House Menyala, dibuka saat malam. Suka banget saya suasana â€¦","î£œ","î ","Bagikan","","",""
"Risti Pramadita","sebulan lalu","Di dalam kurang variatif menurut saya..
Kebanyakan foto spot, lumayan lah..
Untuk atraksi anakÂ² kurang variasi,kurang luas, tp lumayan ga terlalu panas, â€¦","î£œ","î ","Bagikan","","",""
"Via Malau","2 bulan lalu","Tempatnya kurang worth it. Wahananya cuma bunga aja kebanyakan. Ada spot foto balon terbang tapi harus bayar lagi. Ada juga foto sama binatang tapi itupun bayar lagi. Wahananya cuma sedikit dan gak banyak yang bisa eksplorasi. Mungkin lebih â€¦","î£œ","î ","Bagikan","","",""
"Purba Yanto","sebulan lalu","Tempatnya nyaman, tiket masuk terjangkau, banyak spot untuk foto, permainan juga, tapi untuk sesi permainan semua bayar (tidak ada terusan) dan ada beberapa sesi foto juga harus bayar","î£œ","î ","Bagikan","","",""
"Anggara Sidjabat","2 bulan lalu","...dtg lgsg dr jakarta nih kesini

...dtg kesini parkiran cukup rame tapi bisa parkir lgsg â€¦","î£œ","î ","Bagikan","","",""
"ikerang","3 bulan lalu","A must visit place for family! Mini safari, great view, and they also provide a long high slide (quite scary). Everything here is halal, and there is a restaurant for you to go get some snacks or meal. Their main attraction is really the milk that they turned into some products like biscuits, cheese and cakes.","î£œ","î ","Bagikan","Lihat terjemahan (Indonesia)","",""
"ayu oly","3 minggu lalu","Tiket masuk bisa ditukar minuman susu segar. Disini ada resto, tempat sewa kostum, games, farm house, gembok cinta, banyak spot"" foto. Jadi ga bakal bingung milih kemana.  juga menjual oleh"" bandung","î£œ","î ","Bagikan","","",""
"Allan Zaen","4 bulan lalu","Ternyata Farm House Susu Lembang tidak semenarik yang saya bayangkan. Tiket masuk saat itu saya beli online tanggal 14 september 2024 seharga 30.000/ orang. Tiket ini bisa ditukar menjadi voucher potongan makan diresto backyard kitchen atau â€¦","î£œ","î ","Bagikan","","",""
"moza","4 minggu lalu","lumayan disini, salah satu wisata keluatga untuk sekali coba aja, yg mau foto sama buaya bisa kesini, cuma 10k/orang untuk fotonya..","î£œ","î ","Bagikan","","",""
"rhyse meyyda","3 minggu lalu","skrg tuker tiket dapet susu, waktu saya trakhir kalinya kesini masih dapet tempat Cup Susunya yang tinggi dan bermotif kuning ada tulisan FarmHouse , skrg udah make gelas putih kecillll .. tp rasanya tetepp enaaaaa susunya ga prnah berubah â€¦","î£œ","î ","Bagikan","","",""
"Cin","3 minggu lalu","Agak kecil untuk tempat wisata karena hewan dan tempat bermain hanya beberapa saja. Harga makanan cukup standard seperti di tempat wisata lain tapi makanan di resto agak dingin dan ayamnya alot","î£œ","î ","Bagikan","","",""
"Damar Wicaksono Wibowo","sebulan lalu","Konsep dan temanya menarik. Ada tempat face painting anak2, petting zoo, kereta keretaan, juga bangunan2 bergaya Eropa. Penyewaan kostum dan foto studio juga tersedia. Areanya sedikit naik turun, tapi masih bersahabat untuk lansia atau balita. Banyak tempat makan. HTM murah dan tidak mahal. Ticket masuk bisa ditukarkan dengan susu","î£œ","î ","Bagikan","","",""
"Meinanda Zulfyra","3 minggu lalu","Bisa lihat hewan-hewan lucu disini sekaligus kasih makan mereka (untuk makanannya bisa langsung dibeli di tempat), kelinci sama dombanya paling lucuuu, gemas sekali! Disini vibes nya kayak eropa gitu, bisa rental baju tradisional eropa â€¦","î£œ","î ","Bagikan","","",""
"faris auzan","4 bulan lalu","Harga tiket masuk 35rb, tiket bisa ditukar dengan segelas susu/ potongan makan di restaurant di dalam senilai 25rb. Banyak tersedia tempat untuk duduk. Terdapat banyak spot foto","î£œ","î ","Bagikan","","",""
"Rinaldi Farhan (Rinalds)","5 bulan lalu","Tempatnya serasa masih kurang di maintain ya, tapi cukup worth it ko kalau mau buat tempat foto2, banyak spot2 & view yg bagus, 8/10 yaa from me (harga tiket 35rb per org)","î£œ","î ","Bagikan","","",""
"Kharisma","2 bulan lalu","Wisata keluarga yang cocok di datengin pas ke Lembang. Harga tiketnya 35k udah dapet voucher buat ditukar susu. Ada varian original, cokelat, sama stroberi. Banyak spot fotonya juga","î£œ","î ","Bagikan","","",""
"Firda Puspita","2 minggu lalu","Tempatnya cukup nyaman untuk wisata kecilÂ²an bersama keluarga. Memang untuk areanya tidak terlalu luas tp cukuplah buat ajak anak main. Tidak membuat anak lelah berjalan juga. Cukup bersih, hanya saja beberapa area terlihat kurang terawat, sangat disayangkan. Semoga kedepannya ada maintenance yang lebih baik lagi.","î£œ","î ","Bagikan","","",""
"helga","2 bulan lalu","Tempat hiburan yg mungkin dulunya lengkap & ramai baik hewan2 Dan wahana yg ada disana. Cocok utk liburan anak2","î£œ","î ","Bagikan","","",""
"Aliya Murdiana","5 bulan lalu","Diusahakan jika mau sepi datangnya pagi, saya datang jam 8 masih sepi tapi jam 9 sudah mulai ramai. mungkin kalau weekday tidak terlalu ramai ya. hewannya ada sapi domba kelinci burung dll. berbayar jika mau kasih makan hewan, ada juga jual â€¦","î£œ","î ","Bagikan","","",""
"Handry Wiedjaya","2 minggu lalu","A very interesting place with a European-style atmosphere. Plenty of Instagrammable photo spots, especially with the beautiful buildings and gardens. The milk is delicious, and there are many souvenir options. Great for family and friends!","î£œ","î ","Bagikan","Lihat terjemahan (Indonesia)","",""
"Ann Ida","5 bulan lalu","Sabtu siang sampai disini,prtm disambut udara yg sejuk meski wkt itu cuaca sdg cerah...betah berlama2 disini..maasya Allah tiket mbl 10k,tiket msk 35k klo beli di aplikasi lbh murah lg, tiket nya BS ditukar dgn susu segar RS coklat â€¦","î£œ","î ","Bagikan","","",""
"Chandra Wibowo","2 bulan lalu","Tempat wisata keluarga, aneka wahana permainan, memberi makn hewan, suasana asri, lahan parkir luar. Tiket masuk bisa digunakan sebagai voucher makan diresto","î£œ","î ","Bagikan","","",""
"Anggi Suryanika","2 bulan lalu","Kesini weekdays siang siang jam 12 an hujan deres. Banyak wahana tidak beroperasi dan tenant makanan di dalamnya pun tdk melayani order karena tdk ada tempat makan, meja kursi hujan tdk ada peneduhnya. Tempat estetik buat foto2 tp â€¦","î£œ","î ","Bagikan","","",""
"Indah Kusumawati","3 bulan lalu","Tempatnya enak adem. Banyak spot instagramable .
Ada penyewaan kostum ala europe juga tapi aku ga coba. Di dalem ada  tempat ngopi, toko oleh oleh, jajanan lainnya juga ada.","î£œ","î ","Bagikan","","",""
"harsono btp","3 minggu lalu","tempat yg nyaman buat rekreasi bersama keluarga, sayangnya untuk mencapai tujuan sering macet","î£œ","î ","Bagikan","","",""
"ato dwi","sebulan lalu","Tempatnya enak, parkir luas, wahana bagus, toilet bersih, Rasa susunya juga mantap, satwanya sehatÂ²","î£œ","î ","Bagikan","","",""
"hakko bio richard","2 bulan lalu","Tiket bisa di tukar susu murni, arena permainan banyak, ada mini zoo juga, untuk tiket masuk 35rb (weekend)","î£œ","î ","Bagikan","","",""
"EKO ARI WIBOWO","sebulan lalu","rekomendasi tujuan ewisata keluarga, tempat bersih, sejuk, dan indah

tiket masuk murah","î£œ","î ","Bagikan","","",""
"Dahliya Oktamia","5 bulan lalu","Pilihan destinasi wisata yang santai dan menyenangkan. Banyak spot instagramable, foodcourt, tempat beli merchandise oleh-oleh, dan area bermain anak. Bisa juga lihat peternakan domba. Masuk sini dapat 1 gelas freshmilk.","î£œ","î ","Bagikan","","",""
"Rani Nur","5 bulan lalu","Tempatnya ada yg berubah, hobbit slide nya kurang oke si terlalu curam, hewannya semoga terawat keliatan dirawat karena sampe berkembang biak juga, tempat makannya cukup oke, enak sih buat main ajak anak anak interaksi sama hewan, ada â€¦","î£œ","î ","Bagikan","","",""
"Roy Obed","2 bulan lalu","Tempat yang Lumayan untuk dikunjungi. Banyak Satwa Ternak juga yang dipelahara disini. Terdapat resto makan & minum, untuk beberapa wahana berbayar. Bayar parkir di awal, untuk tiket masuk akan diberi susu farm juga (include).","î£œ","î ","Bagikan","","",""
"Siti Latifah Ifa","5 bulan lalu","Akhirnya bisa kesampaian ke Farm House Lembang. Tempatnya bagus bgt, enak dingin, pokoknya oke bgt buat dikunjungiğŸ«¶ğŸ˜
Tiket masuk pas kesini hari minggu (liburan) 35rb dpt 1 gelas susu segar yg enak â€¦","î£œ","î ","Bagikan","","",""
"vu minh","4 bulan lalu","A nice place for a day trip with family and friends. Lots of small attraction but none is great. There is a garden, a farm animal zone, different structures and sculptures surrounding with trees and cool atmosphere of the mountain. However, getting here is hell as the traffic is pretty bad.","î£œ","î ","Bagikan","Lihat terjemahan (Indonesia)","",""
"Ayman Vami","sebulan lalu","Tempat wisata classic, tempat yang awalnya dulu jadi pusat perhatian.

Namun sejak ada tempat lainnya, Farmhouse jadi kayak kurang menarik, jadi lebih â€¦","î£œ","î ","Bagikan","","",""
"Vebbi vebbyola Yahya","3 bulan lalu","tempatnya bagus, tapi wahana nya dikit bnyak nys toko sih, aku jg gk lama dsini explore nya bntar","î£œ","î ","Bagikan","","",""
"Dian Hadi Purnamasari","4 minggu lalu","Pagar area kelinci, di sisi dekat rainbow slide, banyak kawat kecil dgn ujung tajamnya. Celana kain saya sampai sobek bolong 4 seketika saat tergesek sekali saja di kawat itu. Bayangkan kalau itu tangan/ kaki anak bisa langsung luka berdarah. Tolong safety ditingkatkan, terima kasih.","î£œ","î ","Bagikan","","",""
"Muhammad Rasyid Hidayatullah","sebulan lalu","Rekomendasi Weekend jadwal pagi. Sedikit smoking area bikin lebih nyaman.","î£œ","î ","Bagikan","","",""
"Muhammad Rifqi D.","sebulan lalu","Mau ke sini jangan takut utk pesen grab, byk sopir yg minta nembak tp sekitar jam 16.00 ramai kok drivernya (hari sabtu) jadi ga usah rental2, di dalam cocok buat family","î£œ","î ","Bagikan","","",""
"Lumen Nira","2 bulan lalu","Tiket masuk bisa dituker dengan susu atau voucher makanan. Tempatnya bagus kok buat foto2 ajaa","î£œ","î ","Bagikan","","",""
"Aris Santoso","5 bulan lalu","Cocok untuk liburan bersama keluarga, apalagi anak anak, karena ada beberapa koleksi hewan yang bisa kita foto bersama dan ada yang konsepnya kasih makan. Untuk area kelinci, kita bisa masuk bebas di areanya dan kasih makan langsung. Ada â€¦","î£œ","î ","Bagikan","","",""
"Dina R","sebulan lalu","Wothed bgt tiket murah 35 ribu.. 25rbnya bs ditukar diskon senilai 25rb.. varian mainan byk. Suka bgt","î£œ","î ","Bagikan","","",""
"ilham","2 bulan lalu","Lumayan banyak spot nya untuk harga 35k. Harga makan dan minuman di dalam tidak mahal.","î£œ","î ","Bagikan","","",""
"Aya Harun","2 bulan lalu","Menyenangkan sekali mengajak anak2 kesini. Tiket masuk bs ditukar minuman. Tmptnya nyaman dan bagus.","î£œ","î ","Bagikan","","",""
"Pao Paw","6 bulan lalu","Tempat yang cocok untuk berliburan di akhir pekan bersama keluarga, harga tiket 35k / orang saat weekend. Area parkir luas, dan banyak sekali tempat / spot untuk berfoto. Tiket ditukar dengan segelas susu yang sangat enak!","î£œ","î ","Bagikan","","",""
"Ila Jahrotunisa","4 bulan lalu","Masih bagus tempatnya tapi kenapa semua wahana bayar termasuk foto sama owl, buaya dll","î£œ","î ","Bagikan","","",""
"Nurasiah Di","sebulan lalu","Masih seperti biasa destinasi liburan low budget yg terjangkau, syg bgt menara baling2 jd wrna wrni jd kurang estetik","î£œ","î ","Bagikan","","",""
"Cao Cao Akatsuki","2 minggu lalu","Mini farm with milk, European village and small zoo. Admission fees are cheap. But for activities you need to pay off inside for each.","î£œ","î ","Bagikan","Lihat terjemahan (Indonesia)","",""
"Sandika Mahesa","5 bulan lalu","Tempatnya Enak, sejukk, nyaman, bersihh , mungkin lebih diperhatikan lagi buat fasilitas disabilitass seperti tangganya, selain dari situu the bestt bangett","î£œ","î ","Bagikan","","",""
"Andika Putra Adiswara","sebulan lalu","Ini tempat bikin nostalgia sih banyak oleh oleh khas bandung nya ada kafeÂ²,ada hiburan anakÂ²,suasana dingin segar, pokok nyo rekomen dah.","î£œ","î ","Bagikan","","",""
"MR_PAIJO","4 bulan lalu","Taman yang indah dan sangat asri dengan pohon cemara menjulang tinggi.
Di sisi lain terdapat area di mana gembok cinta di abadikan.
Mungkin anda adalah salah satu dari sekian banyak pengunjung yang menyimpan gembok sebagai pengikat cinta di sini.","î£œ","î ","Bagikan","","",""
"Arini Nadia","2 bulan lalu","Overall ok tempatnya bagus
Tapi untuk farm/mini zoo nya parah sihh bauuu ga kerawat banyak lalat
Mending tonjolin aja ditempatnya spot foto wahana dari pada ada farm tapi kasian ke hewannya","î£œ","î ","Bagikan","","",""
"Adnan Zulfikar","7 bulan lalu","Tiket masuk seharga 35k (weekend & offline). Area parkir cukup luas. Tiket bisa ditukar susu dengan pilihan 3 rasa (coklat, original milk & stroberi). Didalamnya banyak spot foto dan coffeeshop/cafe. Terdapat mini zoo seperti kelinci, â€¦","î£œ","î ","Bagikan","","",""
"Lingga Prasetya Yudhistira","5 bulan lalu","Disarankan untuk yang membawa anak kecil karna didalam spot untuk edukasi anak anak weekday harga tiket sama aja ko Rp 35.000 tiket bisa ditukar susu atau dipakai untuk potongan harga ketika membeli oleh oleh sebesar Rp 25.000 didalam juga â€¦","î£œ","î ","Bagikan","","",""
"samjaya klaten","8 bulan lalu","Pesen tiket by Traveloka dpt diskon, tiket nya bs di tuker voucher di resto ny yg interior ny bagus bgt, aesthetic brgaya eropa atau dituker d de forest jg bs, tp akhir ny kita pilih d resto ny aj sklian lunch. Menu ny pilih ayam sm katsu, â€¦","î£œ","î ","Bagikan","","",""
"Scanline Studio","7 bulan lalu","Tempat wisata edukasi yang nyaman, anak-anak jadi lebih dekat dengan hewan ternak, bisa memberi makan langsung dan berinteraksi langsung. Arsitektur yang bagus dan terkonsep seperti di film the hobbit...","î£œ","î ","Bagikan","","",""
"Nada Heppy","6 bulan lalu","Tempat luas. Suka sama kelincinyaaa dan sheepppppp sangat friendly sekaliiii. Susunya enak. Ada cafe dan berbagai resto pula di dalam. Good place","î£œ","î ","Bagikan","","",""
"Dikdik Kuswandi","seminggu lalu","Suasana nya menyenangkan, udara nya sejuk arena bernain luas","î£œ","î ","Bagikan","","",""
"W. Tyas","5 bulan lalu","Taman yang cocok bagi keluarga dan juga pasangan: atraksi memberi makan hewan termasuk salah 1 daya tariknya","î£œ","î ","Bagikan","","",""
"Angga Tri Sutrisno","sebulan lalu","Tempatnya masih bagus dan sama seperti dulu, mungkin bisa lebih variatif lagi isi didalamnya, terutama tempat makan dan kegiatan lainnya","î£œ","î ","Bagikan","","",""
"Fitria P","8 bulan lalu","Tiket masuk sini 35k nanti tiketnya bisa dituker sama satu cup susu, bisa nitip barang juga di securitynya, kalo mau kasih makan ke hewan bisa banget, 10-15k ya untuk makananya. tempatnya bagus banget, didalemnya banyak resto gitu. karyawannya ramah-ramah semua!! saran aku kalo kesini weekday aja, soalnya sepiiiâ­ï¸â­ï¸â­ï¸","î£œ","î ","Bagikan","","",""
"Sofie","6 bulan lalu","Udah beberapa kali kesinii, tp yg taun sekarang banyak yang di rubah yaa tp masih OK sih. Dulu dapet susu nya yg cup lumayan besar skrg jd yang minii. Terus sekarang gaada bus yang di hias gituu","î£œ","î ","Bagikan","","",""
"Rasyid Sidiq Setiaman","6 bulan lalu","Minggu 28 juli datang jam 14.30 tidak terlalu ramai, tiket 35k dapat susu, udara sejuk, mushola lumayan nyaman","î£œ","î ","Bagikan","","",""
"Luqman Hakim","sebulan lalu","The place was very relaxed. But there wasn't much going on. The petting zoo was okay. There's a small area where it looked like you were in Europe. No cows for a place that has susu inside, maybe goat susu?","î£œ","î ","Bagikan","Lihat terjemahan (Indonesia)","",""
"Arona Arona","3 bulan lalu","I love this place because its pet friendly, beautiful view. We rent costumes and it was really great","î£œ","î ","Bagikan","Lihat terjemahan (Indonesia)","",""
"Babyshark Dudududududu","10 bulan lalu","Cukup menarik, harga tiket masuk 35ribu tapi kalo main atau kasi makan hewan bayar lagi
Pas kesini abis hujan jadi gabisa nyobain rainbow slide â€¦","î£œ","î ","Bagikan","","",""
"Widya Nuraini","7 bulan lalu","harga tiket 30rb pesen via traveloka, dapet voucher susu rasa ori dan strawberry. untuk tempat sih tidak terlalu besar, ga banyak spot foto juga, bisa kasih makan kelinci dan domba beli 15rb.ada tempat oleh oleh souvernir juga didalem dan diluar.","î£œ","î ","Bagikan","","",""
"Tawangsari Putri Ramadhan","6 bulan lalu","4 tahun gak kesini, yg berubah sekarang ada wahaya memberi makan hewan, seluncuran juga, ada caffe tapi kenapa gelas susunya makin kecil ya?ğŸ«£ â€¦","î£œ","î ","Bagikan","","",""
"Busyairi Umar","8 bulan lalu","Hal-hal menarik yang wajib dicoba di Farm House Lembang:
1. Rumah Hobbit, masuk rumah kecil seperti rumah kurcaci.
2. Hobbit Slide, wahana baru menguji adrenalin dengan main perosotan sepuasnya â€¦","î£œ","î ","Bagikan","","",""
"HarRy D' HanDoKo","7 bulan lalu","Tempat wisata di lembang yang sptnya masih 1 grup dgn great asia afrika, tempat spot spot foto dan ada wahana ngasih makan ke hewan, kelinci, ikan, domba, ngsih minum sapi. â€¦","î£œ","î ","Bagikan","","",""
"Eva R.M","3 bulan lalu","Cocok bawa keluarga kesini, tempatnya makin banyak inovasi n luas","î£œ","î ","Bagikan","","",""
"WH Aliyah","setahun lalu","Berkunjung di hari kerja, tanpa mengantre dan jalanan pun lancar, macet di sekitar UPI karena ada wisuda. â€¦","î£œ","î ","Bagikan","","",""
"Anisya Rachmawati","4 bulan lalu","Ada jembatan penghubung antara farm house dan asia africa jd gk perlu parkir lagi. Tiket masuk 35rb dan bisa di tukar susu segar. Banyak spot foto menarik. Bisa kasih makan hewan juga.","î£œ","î ","Bagikan","","",""
"Nurul Annisa F","setahun lalu","This is my first time visiting farm house lembang dan keisni untuk me time karena kebetulan saya dr depok yang ikut ortu dinas ke bandung selama beberapa hari jadi memutuskan untuk ke farm house lembang ini karena lokasinya yang deket â€¦","î£œ","î ","Bagikan","","",""
"rosy d","8 bulan lalu","cocok buat edukasi anak2 dan orang2 yang suka hewan2. ada banyak kegiatan seperti feeding hewan seperti domba, kelinci, sapi. â€¦","î£œ","î ","Bagikan","","",""
"Asni","6 bulan lalu","Tiket masuk gratis pakai tiket whoosh jkt-bdg, tempatnya bersih dan orangnya ramah-ramah. Dombanya lucu. Sepi karena weekday jadi puas foto dan video. Es krimnya enak apalagi sambil keliling","î£œ","î ","Bagikan","","",""
"rekka artha","sebulan lalu","Tempatnya biasa.
Yg membuat agak kecewa, tidak tersedia pos medis untuk p3k. Kejadian jatuh kena tangga besi karena gelap. Harus jalan sana sini mencari p3k. Dan perlengkapan hanya dikasi betadin dan revanol. Untung bawa handaplas sendiri","î£œ","î ","Bagikan","","",""
"Lisa T.","8 bulan lalu","Instagrammable spots here and there.
Delicious variants of creamy milk to be exchanged with the entry tickets.
Suasana yang dingin dan nyaman begitu sesuai dengan tumpuan tarikan yang â€¦","î£œ","î ","Bagikan","","",""
"Endar Guruh","setahun lalu","Lokasi persis berhadapan dengan The Great Asia Afrika
Parkir mobil luas
HTM 35rb all days dan bisa ditukar Susu â€¦","î£œ","î ","Bagikan","","",""
"Indigo DeviLLe","3 bulan lalu","Bintang 1 buat SMILE Station Photobooth yg ada di dalamnya. Sesudah bayar pake Qris ternyata baru foto sekali alatnya rusak.  Nge-hang dan memakan waktu yg lama sekali buat proses. Kamera juga ga fokus. Dikontak ke nomer WA yg tercantum jg tidak ada balasan sama sekali. TERTIPU!!!","î£œ","î ","Bagikan","","",""
"Bang Kepo","4 bulan lalu","Tidak sesuai ekspetasi. Tapi memang posisi mendung kesana dan hujan. Tapi tidak sesuai ekspetasi untuk tempat hewan2nya mulai sedikit dan terkesan butuh peremajaan seriusğŸ™ğŸ¿ğŸ™ğŸ¿ tiket memang tidak tergolong mahal d tmbah bisa d tukar sma susu â€¦","î£œ","î ","Bagikan","","",""
"whidya hary santoso","sebulan lalu","Wisata edukasi anak
Cocok buat santai anak dan keluarga
Naek kereta keretaan bisa liat sebagian besar isi Farm house...","î£œ","î ","Bagikan","","",""
"Gunadhi Pratama","6 hari lalu","Harga tiket masuk 35k & dapat ditukarkan dengan susu.
Tempat tak seramai dulu pas awal saya kesini, banyak yg berubah.
Tapi tetap bisa menikmati","î£œ","î ","Bagikan","","",""
"Nurhikmah","9 bulan lalu","Senang sekali bisa ke sini lagi!! Ternyata banyak perubahan ya dan cukup baikğŸ˜Š cocok untuk wisata keluarga atau sekadar jalan2 di sekitar lembang. Sayangnya susunya dapet yg kecil :( dulu masih size large wkwk jd puas.. ohiya selain susu â€¦","î£œ","î ","Bagikan","","",""
"Anny Fatun","7 bulan lalu","Tempat yg cocok utk dikunjungi keluarga, terutama dng mengajak anak2,, krn ada arena main utk anak, kebun binatang mini.","î£œ","î ","Bagikan","","",""
"Muhimatul Alliyah","6 bulan lalu","Farm house tempatnya enak adem seger terutama bersih jadi betah. Paling di tempat kelinci banyak ee kelinci. Tempatnya enak buat bawa keluarga jalan-jalan kesini pagi2 sejuk bgt,
Parkir tertata","î£œ","î ","Bagikan","","",""
"Dian Ayu winata","7 bulan lalu","Berkunjung ke farm house susu lembang bersama keluarga sangat menyenangkan. Udaranya juga sejuk, dan rindang karena banyak pepohonan. Di farm house susu lembang bisa memberi makan kelinci, domba, dan menyusui anak sapi. Farm house susu â€¦","î£œ","î ","Bagikan","","",""
"Popo Yonathan","4 minggu lalu","For the price, it offers more than what you pay.
Absolutely worthed!
Many photo spots â€¦","î£œ","î ","Bagikan","Lihat terjemahan (Indonesia)","",""
"Arizkha â€œLeBaYâ€ ahkzirA","8 bulan lalu","Tempat yang cukup menyenangkan, tukar tiket bisa dapat susu segelas (susunya Greenfield njir) atau diskon diresto disana
Ada beberapa wahana cuma sepertinya cukup tua, semoga terus dirawat biar makin menyenangkan kesana","î£œ","î ","Bagikan","","",""
"Aisya Firda","setahun lalu","Salah satu wisata favorit keluarga nih, kids friendly banget.. bisa ksih makan kelinci, ada hamster, domba, kuda. Walaupun ga banyak binatang nya tp cukup nyaman kesini bisa berkeliling. nanti tiket nya bisa ditukarkan dengan susu juga. Happy Holiday~","î£œ","î ","Bagikan","","",""
"Adinda Luthfiyah","6 bulan lalu","adem, tiketnya 35rb, bisa kasih makan kelinci & domba (beli wortel harga 15rb). tiketnya ditukar susu / potongan makan di resto (25rb).","î£œ","î ","Bagikan","","",""
"Ali Hamzah","setahun lalu","Salah satu tempat wisata dengan tema peternakan yang memadukan dengan bangunan khas eropa. Tiket masuk cukup terjangkau sebesar idr 35 per orang untuk usia 2 tahun ke atas . Dengan harga tiket segitu akan mendapatkan gratis susu. Namun â€¦","î£œ","î ","Bagikan","","",""
"Liana Dame","2 bulan lalu","Tempat asri,adem,cocok untuk tujuan liburan keluarga,tiket murah bisa ditukar susu","î£œ","î ","Bagikan","","",""
"An dini","8 bulan lalu","Aku dr Semarang Jawa Tengah. Punya ekspektasi besar misal bisa main ke Bandung harus ke Farm house. Saat bikin rencana sama temen2 atau keluarga, destinasi Farm house selalu jadi urutan pertama yg hrs dikunjungi. Well ... ketika beneran â€¦","î£œ","î ","Bagikan","","",""
"Ivan William","setahun lalu","Pertama kali ke lembang dan nyobain ke farm house ini, tiket masuk harganya 35rb dan parkir mobil harganya 10rb.
Untuk tempatnya ternyata ga begitu besar yah, tapi banyak hewanâ€ disini mulai â€¦","î£œ","î ","Bagikan","","",""
"Aa Fahmi","setahun lalu","Tempat wisata keluarga, seberangnya the great asia africa
areanya datar, dan lumayan luas dan banyak pohon
ada rumah hobbit, bangunan khas eropa, dan feeding hewan kayak anak sapi, â€¦","î£œ","î ","Bagikan","","",""
"MIla karmila","sebulan lalu","Tempat wisata buat anak2, harga tiket masuk 35k, banyak spot buat foto2","î£œ","î ","Bagikan","","",""
"Denny Hartanto","10 bulan lalu","1.Tempat wisata nya biasa aja  , mungkin karena udh lama dan adanya wisata yang lebih baru dan besar sehingga ketika datang ke sini rasanya kecil dan tidak ada wahana apa apa gitu â€¦","î£œ","î ","Bagikan","","",""
"Sekar Mewangi","9 bulan lalu","Cocoklah masuk 35 ribu aja dapet susu lagi. Tempat nya tidak begitu luas tapi cukup bisa buat main anak-anak...kalau orang dewasa kesini mungkin tidak banyak pilihan. Suasana sejuk bersih ada tempat oleh-olehnya juga.","î£œ","î ","Bagikan","","",""
"Aswandi Rusli","7 bulan lalu","Jalan-jalan ke Jawa Barat / Bandung rasanya kurang lengkap kalau tidak ke tempat ini, recomended untuk liburan keluarga, semoga kedepannya bisa berkunjung ke tempat ini lagi. Hatur NuhunğŸ™ â€¦","î£œ","î ","Bagikan","","",""
"Callin Tj","setahun lalu","Ajak anak kesini untuk interaksi langsung sama hewan, bisa kasih makan domba, kelinci, kasih anak sapi minum susu, bisa foto sama burung, banyak tempat makan juga, harga tiket 35k/orang, anak diatas 2 tahun bayar full. Parkir mobil â€¦","î£œ","î ","Bagikan","","",""
"Rascal CAD","5 bulan lalu","Tempatnya adem dan parkirnya kuas cocok untuk anak balita","î£œ","î ","Bagikan","","",""
"wahyu budiaji","3 bulan lalu","Rekomended buat wisata anak ya, enak waktu sore sore","î£œ","î ","Bagikan","","",""
"Aridena Putra","9 bulan lalu","Salah satu tempat tujuan wisata yang menarik buat dicoba, terdapat bangunan ala eropa dan terdapat beberapa hewan peternakan. Udara disini cukup sejuk karena masih dataran tinggi. Banyak spot foto menarik disini. â€¦","î£œ","î ","Bagikan","","",""
"Cynthia Kusuma Wulandari","10 bulan lalu","Kukira trackingnya panjang ternyata sempit dan hampir semuanya berbayar. Padahal kan tiket masuk sudah mahal tapi diganti dengan susu, area binatangnya berbau tidak sedap, domba-dombanya pun terlihat kelaparan. Kurang recommend sih menurutku.","î£œ","î ","Bagikan","","",""
"Sasha A. Yoshinta","setahun lalu","Tempat wisata cocok untuk anak-anak yang ingin pengenalan tentang hewan. Terdapat beberapa macam hewan yang ditampilkan. Tema tempat lebih ke bangunan eropa. Saat beli tiket mendapa susu gratis","î£œ","î ","Bagikan","","",""
"Aurelia Neysa Hermawan","setahun lalu","tempat wisata yang favorit parahh!! ini posisinya di sebrang great asian africa. dengan nuansa ke eropaan, kita bisa ngelilingin tempat ini sambil ngasi makan hewan seperti domba dan kelinci di dalam kandang nya sendiri!! setelah beli tiket, kita bakal dapet voucher yang bisa ditukarin sama susu.","î£œ","î ","Bagikan","","",""
"Vany Andriyanto","2 bulan lalu","Tempatnya adem. Nyaman banget kalau bawa keluarga kesini.","î£œ","î ","Bagikan","","",""
"Ineke Yunani","4 bulan lalu","tempatnya strategih, hiburannya terbatas banget, beli wortel 15 ribu cuma berapa biji. kurang worth it","î£œ","î ","Bagikan","","",""
"Hening Tri Rahayu","setahun lalu","Jauh-jauh kesini dari jawa ternyata jalanan di Lembang macet banget pas weekend, untung pake motor jadi bisa salip sana sini wkwk. Parkir motor ternyata bukan di wisata farmhousenya langsung melainkan di tempat lain yang nggak jauh di pintu â€¦","î£œ","î ","Bagikan","","",""
"Yessi Dida","setahun lalu","Tempat nya tidak terlalu besar, untuk yang suka rekreasi tanpa harus jalan muter muter yaaa disini sudah lumayan. Tiket terjangkau, harga 35rb udah dapat susu dengan pilihan rasa coklat, stroberi dan original. Restoran didalam nya lumayan â€¦","î£œ","î ","Bagikan","","",""
"Diana Oliver","setahun lalu","Bagus tempatnya, tapi gak seluas yg gua kira. Bisa dapet susu 1 cup per orang, bisa diambil sebelum atau sesudah masuk. Klo mau nikmatin atraksi lain di dlm kudu bayar lg, kayak ngasih makan burung, foto ama hewan2nya, tp klo cuma fotoin â€¦","î£œ","î ","Bagikan","","",""
"uray adisti","setahun lalu","Utk akses nya mashaAllah, macet & jalan kecil.
HTM 35.000, dpt free susu sapi greenfields.
Utk wahana & mainan nya bayar lagi ya. â€¦","î£œ","î ","Bagikan","","",""
"Hairani Salila","10 bulan lalu","tiket masuknya 35k dpt kupon penukaran susu greenfields yg kecil nnti diakhir, didalam kalo mau ngasi makan hewan2 dan masuk tempat2nya berbayar lagi, waktu dtg byk pekerja yg lagi bersih2, it's not comfy, terus wktu jalan didepn toilet bau banget, kalau anak2 kesitu ya happy bgt, tpi kalo buat adult kayanya cukup nyoba dtg sekali","î£œ","î ","Bagikan","","",""
"Ende Hendra","sebulan lalu","Bagus cocok buat keluarga
Banyak satwa nya..","î£œ","î ","Bagikan","","",""
"Oni Windrasmara","setahun lalu","Lokasi di tepi jalan raya bandung ke pusat kota lembang, tempat parkir sepertinya luas, parkir masuk sudah ada karcis resmi, tapi sayangnya petugas di dalam yang kasih aba aba meminta/harapkan tips lebih diluar parkir resmi yang di â€¦","î£œ","î ","Bagikan","","",""
"Narsh Bee","setahun lalu","Untuk ke 2 kalinya ke FARM HOUSE

Tiket bisa di tukar ke susu cup atau 2greendfield kecil untuk 1 tiket â€¦","î£œ","î ","Bagikan","","",""
"Mohammed Al Awadhi","sebulan lalu","Good for children only to feed some small animals","î£œ","î ","Bagikan","Lihat terjemahan (Indonesia)","",""
"Rizky Noprita","setahun lalu","Tiket 35 ribu di hari libur nasional.. Anak 2 tahun sudah bayar ya..
Di dalam ada burung, reptil yg bisa di pegang bayar 10 ribu, jajanan susu anak anak Greenfield.. Ada sewa kostum gaya Belanda. Ada kasi susu dodot sapi 25 ribu. â€¦","î£œ","î ","Bagikan","","",""
"Guzzu Shoppu","2 tahun lalu","Parkirannya tidak terlalu luas, tapi isinya bagus banget mulai dari pemandanganya sampe hewan-hewannya. 1 orang 30ribu dan dapet susu. Ada beberapa view yang spektakuler telah saya foto dan saya akan bagikan kepada kalian nnt. Pelayananha â€¦","î£œ","î ","Bagikan","","",""
"Rudy Saputra","setahun lalu","Wahana kurang menarik, rasa susu gratis cenderung apek, spot foto tidak banyak, emang tempat nya kurang luas jadi sekali muter juga dah abis spot nya (nggak ada 1/2 jam saya muter udah mentok). â€¦","î£œ","î ","Bagikan","","",""
"Azalie Zata Yumni","4 bulan lalu","its good for family vacation and there are many photogenic spots, but i think it's not really worthy because you need to spend more to fulfill the whole experience. here's a bird picture that i took there.","î£œ","î ","Bagikan","Lihat terjemahan (Indonesia)","",""
"Muti Permata","sebulan lalu","Rekomen buat bawa orangtua lansia dan anak balita kesini sih kalo menurutku, tempat nya bersih, udara sejuk, pemandangannya cakep, harga tiket masuk masih terjangkau","î£œ","î ","Bagikan","","",""
"Niki Capriano","8 bulan lalu","Tempatnya tidak terlalu besar dan tidak terlalu kecil. Harga tiket termasuk penukaran susu murni satu gelas. Suasanya cukup asri dan cocok untuk keluarga atau grup kecil. Ada tempat oleh-oleh, food court, restaurant dan lain-lain.","î£œ","î ","Bagikan","","",""
"Fathan Saputra","4 minggu lalu","Tempatnya tidak terlalu luas,jadi anakÂ² bisa berkeliling dengan tidak sampai kelelahan.
Saat ini tempatnya lebih rapih,bersih dan bebas becekÂ². â€¦","î£œ","î ","Bagikan","","",""
"Embriyani Vira","7 bulan lalu","bagus bgtt bersih adem,ga pernah ngebosenin ke farmhouseğŸ¥ºğŸ«¶, susunya enak poll! ,tambahin spot / permainan lainn plsss â€¦","î£œ","î ","Bagikan","","",""
"Michelle Wang","5 bulan lalu","Sudah telpon mau beli susu aja, gamau beli tiket masuk krn sudah pernah masuk, katanya bisa....staff atas nama Nanda, akhirnya kita datangi dari kota ke lembang.. sudah jauh2 ternyata staff ditempat cm bilang ""maaf tidak bisa"", konfirmasi â€¦","î£œ","î ","Bagikan","","",""
"singgih agung","2 tahun lalu","Sebuah tempat wisata di lembang.
Untuk masuk bisa pesan tiket jauh hari melalui aplikasi tr*vel*ka atau beli di lokasi sebesar 30rb per pax ( anak dibawah 2 tahun tidak di hitung ). â€¦","î£œ","î ","Bagikan","","",""
"Guss No","setahun lalu","Saat masuk tiker dapat ditukar dengan satu cup susu, ada pilihan strawberry, coklat, dan original. Didalamnya ternyata tidak terlalu luas, ada taman dan bangunan-bangunan, ada pelataran dengan rumput sintetis untuk bermain anak, ada kandang â€¦","î£œ","î ","Bagikan","","",""
"yunan morfosis","setahun lalu","Bagus nih buat ajak keluarga, buat edukasi anak anak, bisa liat hewan seperti kuda, sapi atau domba. Harga terjangkau sih, 35 ribu kalo tidak salah, cuma ya itu blm termasuk interaksi sama hewanya. Kasih makan domba 10rb, kasih minum sapi 20rb dan lainya, jadi agak mahal kalo mau ambil semuanya","î£œ","î ","Bagikan","","",""
"Julianto","5 bulan lalu","Its ok but not well maintained.some areas are quite dirty,especially public toilets.","î£œ","î ","Bagikan","Lihat terjemahan (Indonesia)","",""
"Ester Ana","setahun lalu","Tempatnya ramah banged untuk main anak2 ,mengenalkan Binatang seperti sapi, Domba, kelinci, burung merpati dll, bisa ngasih makan mereka. Jugaa, seru sekali main disini, â€¦","î£œ","î ","Bagikan","","",""
"Sartika Nursholihat Mughnie","setahun lalu","Well, akhirnya ya kayak orang-orang bisa kesini. Tiket masuk Rp 35,000 kalau terusan Rp 55,000 bisa main perosotan gitu. Bisa berfoto dengan burhan (burung hantu), mini zoo, ada reptil, domba, kelinci. Bisa berfoto juga di balon udara kalau â€¦","î£œ","î ","Bagikan","","",""
"Anisa Natasari","2 tahun lalu","(23/10) Random mampir kesini karena bingung milih destinasi. Tempatnya gak terlalu luas, tapi banyak spot-spot lucu plus ada beberapa hiddengem yang bisa liat view kota Bandung. Kids friendly, bisa interaksi sama hewan-hewan. Fasilitas â€¦","î£œ","î ","Bagikan","","",""
"Hendi Faisal","setahun lalu","Spot foto lumayan banyak, yg paling mengesankan cuma petting zoo nya aja, selebihnya biasa aja, hari sabtu ga terlalu penuh, cuma rame aja. Beli tiket online ada potongan 5k, lumayan bisa buat bayar parkir motor (10k).","î£œ","î ","Bagikan","","",""
"Angelita Intania Putri","4 bulan lalu","cakep kok, voucher 20k bisa ditukar apapun tapi keknya dengan minimal beli 35k","î£œ","î ","Bagikan","","",""
"Rangga Ajie Dewantara","2 tahun lalu","Salah satu tempat wisata wajib di daerah lembang,
Untuk lokasi sangat strategis karena berada di jalan utama. tapi saya cukup heran, terakhir kesini 1 taun lalu pas masih ppkm ramenya bukan main, sampe sampe â€¦","î£œ","î ","Bagikan","","",""
"f z","setahun lalu","tadinya tu ngira tempatnya bakal luas banget, ternyata engga. htm disini sudah termasuk free susu satu gelas. banyak spot foto juga, ini tempatnya lebih cocoknya liburan bareng keluarga.","î£œ","î ","Bagikan","","",""
"agustinus anggun tri sutrisno","setahun lalu","Konsep wisata keluarga yang sangat menarik. Tiket masuk dapat ditukar dengan susu berbagai rasa.
____Taman gembok harapan, pagar taman dihiasi dengan puluhan ribu gembok yg â€¦","î£œ","î ","Bagikan","","",""
"Nur Sugiarti","11 bulan lalu","Datang pas hujan gerimis, suasana syahduu poll. Tiket masuk bisa ditukarkan dengan menu makanan di restoran atau dengan susu. Banyak spot foto-foto estetik, bisa memberi makan hewan, pemandangan bagus, tempat luas. Pelayanan juga okee. Sangat rekomended.","î£œ","î ","Bagikan","","",""
"hafizah fikriah waskan","2 tahun lalu","Cocoknya untuk liburan keluarga atau untuk kamu yang suka foto-foto. Buat saya yang gak suka foto-foto ini rasanya kegiatannya kurang menarik aja. Tapi bagian yang paling saya suka sih ngasih makan domba dan kelinci wkwk. Untuk ngasih makan â€¦","î£œ","î ","Bagikan","","",""
"Virdanurfa","setahun lalu","Lumayan Oke lah tempatnya cuman sayang banget ada beberapa spot foto yang sudah tidak terawat, semoga bisa lebih baik lagi. Untuk bagian ticketing juga kurang ramah dan parkiran untuk pengguna motor agak jauh + biaya parkirnya juga mahal.","î£œ","î ","Bagikan","","",""
"yuliana rahmawati","setahun lalu","1. Seharian di sini sangat menyenangkan. Ada banyak spot foto yang unik dan informatif yang bisa kita temukan. â€¦","î£œ","î ","Bagikan","","",""
"Eka Mahessa","setahun lalu","Ini tempatnya friendly bgt buat keluarga. Rapih, teratur, artistik, banyak spot spot jago, banyak jajanan dan makanan, banyak pilihan permainan. â€¦","î£œ","î ","Bagikan","","",""
"Yesika Septiani","2 tahun lalu","Tempat outdoor enak untuk main kalau bawa anak kecil, bisa kasih makan binatang, foto foto, wahana baru ada perosotan tapi bayar lagi, dan tiket masuk bisa ditukar dengan susu. Tiketnya saat itu 25/orang.","î£œ","î ","Bagikan","","",""
"Elvira Nafiani","setahun lalu","Tempat wisata atau liburan bareng keluarga, tiket masuk bisa dituker minum susu (aku saranin jangan yg putih ga ada rasa) paling yg serunya bisa kasih makan kelinci, burung, sama domba, ada foto bareng hewan juga bayar 10rb, ada hobbit slide lumayan seru bayar 1x bisa naik 2x anak2 juga bisa. Selebihnya jalan2.","î£œ","î ","Bagikan","","",""
"Denali Siti","8 bulan lalu","Tempat wisata lembang yang worth it, buat bawa anak liburan.. puas banget main kesini anak suka banget, ada playground, hewan hewan, spot foto yg bagus bagus rekomendasi banget buat yg cari tempat wisata yang murahğŸ‘ğŸ» â€¦","î£œ","î ","Bagikan","","",""
"Egy restu mustafa","6 bulan lalu","Untuk petugas yang ada di sewa kostum mohon di tingkatkan lagi keramahan nya, masa iya baru datang langsung bilang harga sewa, ga nnya keperluan nya apa... Kesan nya kita ga mampu utk menyewa ituu","î£œ","î ","Bagikan","","",""
"Citra Tompunu","setahun lalu","HTM 30ribu/org, tiket ditukar dengan susu murni, susu murni original recommended.
Banyak spot foto seperti rumah hobbit, taman bunga, air terjun mini, peternakan aneka satwa, gembok cinta, dll.","î£œ","î ","Bagikan","","",""
"rbchrt","setahun lalu","location wise sudah enak, sewaktu saya datang udaranya masih ada angin semeriwing dingin sedikit. â€¦","î£œ","î ","Bagikan","","",""
"Sulton Kharisma","3 bulan lalu","sangat layak dikunjungi bersama keluarga sekaligus refreshing di wilayah Lembang yang sejuk dan asri. Banyak wahana permainan maupun spot foto yg aesthetic serta sekaligus dapat susu gratis","î£œ","î ","Bagikan","","",""
"Hestu Waskito","4 minggu lalu","Kesini saat libur longsor weekend, konsepnya gak jelas, rute arah didalam arena membingungkan, beberapa area tidak teramat kotor, misal toilet dan mushola. Kehilangan identitas jati diri, kostum ala ala Belanda dan bangunan Eropa. Buang2 waktu","î£œ","î ","Bagikan","","",""
"Dadan Hamdani","2 tahun lalu","Tempatnya bagus dan cocok untuk wisata keluarga, banyak spot untuk berfoto bersama keluarga. Tiketnya terjangkau, tiketnya bisa ditukar dengan 1 gelas susu.
Lokasinya bersemangat dengan GREAT ASIA AFRIKA, tersedia pasilitas â€¦","î£œ","î ","Bagikan","","",""
"imam nazarudin","sebulan lalu","TGl : 19 jan 25 sy wisata ke Farm House tiket Rp 35 000 / person  beserta tiket parkir barkot... Singkat cerita setelah selesai utk pulang.. Mobil belum jalan diminta bayar parkir di Area parkir... Padahal sy ada tiket untuk keluar bayar di â€¦","î£œ","î ","Bagikan","","",""
"son Ia","6 bulan lalu","Biasa aja sih ga ada specialty ny untuk come over n visit, not worth the ticket","î£œ","î ","Bagikan","","",""
"sindi rizkiani","sebulan lalu","Tiket masuk bisa ditukar susu spot foto banyak dan gratis cuma kalau feeding animals bayar liat ular dan iguawana free","î£œ","î ","Bagikan","","",""
"Winda Handayani","3 bulan lalu","Satpam nya tidak ramah! , kemarin saya bersama rombongan sekolah . Karena sebelumnya tidak ada pemberitahuan dari pihak sekolah tidak boleh membawa makan dari luar dan karena kita blm sarapan terpaksa dong makan dulu sebelum masuk, nah kita â€¦","î£œ","î ","Bagikan","","",""
"Fenfen Patmawati","setahun lalu","Tempat nya bagus  tp tdk sebagus yg dulu mgkin perlu di benahin lagi. Utk rumah kurcaci nya jg sdh kurang bagus . JalanÂ²  di sini menikmati suasanan yg dinggin sambil mencium aroma produksi kue nya. Utk kue nya enak sekali  ada tempat utk memberi makan binatang   ada kelinci. Kambing sapi . Burung . Tempatnya asri dan sejuk","î£œ","î ","Bagikan","","",""
"Saskia Diva Kamila","setahun lalu","Agak kecewa karena ku kira bisa lihat banyak sapi, proses perah, dan sebagainya yang berkaitan dengan susu. Namanya farmhouse, produknya susu, tapi mana sumber susunya?  Cuma ada anak sapi dan ya bisa sih kita ikut serta nyusuin sapi kecil â€¦","î£œ","î ","Bagikan","","",""
"Lutfia Prihanani","2 tahun lalu","Tiketnya terhitung murah daripada yang lain, disini nanti tiketnya masih bisa di tuker susu segar juga. Banyak banget sih spot-spot lucu, kayaknya bandung emang bagus buat foto2. Tapi aku suka karena suasananya adem buat jalan-jalan. Banyak â€¦","î£œ","î ","Bagikan","","",""
"EW Tanto","2 tahun lalu","- Lokasinya di pinggir jalan raya sehingga mudah aksesnya
- Parkir mobilnya cukup luas bisa menampung 50 mobil dan bisa buat bis juga
- Tempatnya bersih, dan tempat sampah banyak â€¦","î£œ","î ","Bagikan","","",""
"Raviana Agustin","9 bulan lalu","Mayanlah buat anak anak ğŸ˜ bs ngasih mam hewan, byk taman bermain yg bikin anak betah main lama lama ğŸ¤— â€¦","î£œ","î ","Bagikan","","",""
"Junita Barus","2 minggu lalu","kalau weekend rame bgt, terus kayaknya domba gadikasih makan deh. Soalnya pas kita megang wortel aja berbondong2 langsung dtg dan sampai manjat2 gitu. Sedih bgt","î£œ","î ","Bagikan","","",""
"Muh. Syihab As'ad","11 bulan lalu","Berikut review keadaan masjid ketika saya singgah. Ini hanya berdasarkan pandangan sekilas saya.
. â€¦","î£œ","î ","Bagikan","","",""
"linda Wardani","sebulan lalu","Tempat yang cocok untuk liburan bersama keluarga, harga tiket ny murah dan bisa di tukar dengan susu murni, tempat parkir cukup luas","î£œ","î ","Bagikan","","",""
"Sri Lustiyani","setahun lalu","Suasana Adem sejuk segar ...
Susunya juga enak segar sekali
Cocok untuk liburan keluarga healing2 hehe â€¦","î£œ","î ","Bagikan","","",""
"De' Virach","2 tahun lalu","Posisi berseberangan dengan great Asia Africa. Cocok sekali menjadi tujuan berwisata bersama keluarga, sejuk dan nyaman. â€¦","î£œ","î ","Bagikan","","",""
"Randi Law","2 tahun lalu","Twmpatnya bersih, parkiran luas, toilet bersih, dan free minuman (susu)bisa ditukar di area penukaran voucher.
Untuk spot foto biasa saja tidak terlalu istimewa.
Dan kafe juga dan tempat beli oleh2.","î£œ","î ","Bagikan","","",""
"Aditya Sony","2 tahun lalu","Tempatnya bagus untuk bawa anak kecil kesini, banyak spot foto juga, ada mini zoo nya juga, susunya dijual seharga 25rb utk 500 ml, pilihan rasa original, coklat, dan stroberi","î£œ","î ","Bagikan","","",""
"bethel bertiz","6 tahun lalu","The place was really beautiful! I got a free chocolate milk as a welcome drink. The place was clean. Best time to visit is a weekday. Lesser people, more chances to take good pictures without people in the background. There was an additional payment for MY SECRET but it was minimal so it was okay.","î£œ","î ","Bagikan","Lihat terjemahan (Indonesia)","",""
"Hanif NC","seminggu lalu","Worth it tiketnya di tukar dengan susu
Banyak spot foto bagus
Dan juga costum lucu","î£œ","î ","Bagikan","","",""
"Muhammad Febrianto","2 bulan lalu","Tempatnya bagus, walaupun tempatnya tidak besar. ditambahkan di sini segera setelah hujan. begitu banyak cinta","î£œ","î ","Bagikan","Lihat versi asli (Melayu)","Diterjemahkan oleh Google","ãƒ»"
"Alya Maisarah","2 minggu lalu","Cocok untuk bawa anak ke sini, bisa memberi makan hewan ğŸ‘ğŸ» â€¦","î£œ","î ","Bagikan","Lihat versi asli (Melayu)","Diterjemahkan oleh Google","ãƒ»"
"Kim Nguyen","2 tahun lalu","Kawasan wisata ini didesain seperti cottage ala Eropa, toko oleh-olehnya cukup terjangkau, kualitas bajunya keren dan cukup bagus. â€¦","î£œ","î ","Bagikan","Lihat versi asli (Vietnam)","Diterjemahkan oleh Google","ãƒ»"
"saad alhashmi","7 bulan lalu","Sebuah peternakan indah yang patut dikunjungi, terutama bagi anak-anak, karena mereka dapat memberi makan kambing dan kelinci. Ada beberapa tempat yang bagus untuk fotografi, terutama bangunan bergaya Belanda.","î£œ","î ","Bagikan","Lihat versi asli (Arab)","Diterjemahkan oleh Google","ãƒ»"
"Life Void","3 tahun lalu","1. Aksesibilitas
Ada juga tempat parkir. Biaya parkir dikenakan per jam di luar biaya dasar.
Meski disebut-sebut jumlah orangnya berkurang signifikan akibat COVID-19, namun â€¦","î£œ","î ","Bagikan","Lihat versi asli (Korea)","Diterjemahkan oleh Google","ãƒ»"
"Rahma Damayanti","setahun lalu","Tempatnya cukup luas, terdapat beberapa wahana hiburan, sejuk, dan banyak tempat yang menjual makanan dan minuman. 1 tiket berlaku untuk penukaran 1 gelas susu gratis.","î£œ","î ","Bagikan","Lihat versi asli (Melayu)","Diterjemahkan oleh Google","ãƒ»"
"í•˜ê°€ì˜","3 minggu lalu","Objek wisata yang bagus untuk dilihat dalam waktu singkat","î£œ","î ","Bagikan","Lihat versi asli (Korea)","Diterjemahkan oleh Google","ãƒ»"
"Jonathan Andreas Thomas Gultom","setahun lalu","Tempat menarik, sejuk, tiket masuk terjangkau, banyak oleh-oleh menarik","î£œ","î ","Bagikan","","",""
"Mohammed Fareed Abdulameer G 2 - C ABDULNABI","6 tahun lalu","Tempat yang sangat indah untuk berfoto dan menyantap produk susu panggang. Anda juga bisa menyewa pakaian dan berfoto bersama.  Selain mengamati hewan, berfoto bersama, dan memberi mereka makanan, namun dengan memperhatikan bahwa setiap â€¦","î£œ","î ","Bagikan","Lihat versi asli (Arab)","Diterjemahkan oleh Google","ãƒ»"
"Fitria suartini","4 tahun lalu","Banyak spot foto, area sekitar cukup luas, sambil makan es krim, minum susu, nonton bayi kambing, domba, dll.
Direkomendasikan..
Tempat sholat juga tersedia","î£œ","î ","Bagikan","Lihat versi asli (Melayu)","Diterjemahkan oleh Google","ãƒ»"
"AHMAD FIRDAUS AHMAD FADZIL","setahun lalu","Susunya enak sekali
Hewan adalah yang terbaik
Tapi susu tidak laku â€¦","î£œ","î ","Bagikan","Lihat versi asli (Melayu)","Diterjemahkan oleh Google","ãƒ»"
"cik efa 91","setahun lalu","Pemandangannya bagus.. semoga saja pihak pengelola membuat larangan membawa hewan peliharaan.. seperti anjing misalnya.","î£œ","î ","Bagikan","Lihat versi asli (Melayu)","Diterjemahkan oleh Google","ãƒ»"
"Missy Giena","5 tahun lalu","Yang ini sama.. Suka banget sama pemandangannya.. Orang indonesia yang kreatif ğŸ˜ğŸ˜ğŸ˜ğŸ˜â¤ï¸â¤ï¸â¤ï¸â¤ï¸ğŸ‘ğŸ‘ğŸ‘ğŸ‘ Wajib kesini ya. Kalau pulang jangan lupa minum susu & biskuit asam. Enak ğŸ˜‹ â€¦","î£œ","î ","Bagikan","Lihat versi asli (Melayu)","Diterjemahkan oleh Google","ãƒ»"
"ë¹„ìë‹´","4 tahun lalu","Farm House adalah tempat yang wajib dikunjungi ketika Anda mengunjungi Kawah Tangkuban. Ini adalah tempat yang indah dengan banyak hal untuk dilihat dan terutama rumah Hobbit. â€¦","î£œ","î ","Bagikan","Lihat versi asli (Korea)","Diterjemahkan oleh Google","ãƒ»"
"Zoar Chuang","5 tahun lalu","Tempatnya cukup bagus, bisa menghabiskan waktu. Anda perlu membeli tiket untuk berkunjung dan mengambil foto di dalamnya. Agak jauh dari kota, jadi Anda harus memperhatikan waktu dan segera turun gunung. gelap.","î£œ","î ","Bagikan","Lihat versi asli (Tionghoa)","Diterjemahkan oleh Google","ãƒ»"
"Shahril Suboh","6 bulan lalu","Ini adalah tempat wisata yang sangat bagus dibandingkan tempat lain. menurut aku suasananya bagus. Komposisi dan getarannya juga terbaik. Namun jangan lupa membawa tiket kereta cepat Jakarta-Bandung. karena masuknya gratis.","î£œ","î ","Bagikan","Lihat versi asli (Melayu)","Diterjemahkan oleh Google","ãƒ»"
"TENGKU FAIZ HAKIM TENGKU HALIM","5 tahun lalu","Tempat menarik cocok untuk membawa anak kecil bermain dengan hewan peliharaan.. Namun harus hati-hati saat memasuki rumah horbit.. Disana cukup licin..","î£œ","î ","Bagikan","Lihat versi asli (Melayu)","Diterjemahkan oleh Google","ãƒ»"
"MR Panjang","setahun lalu","susu segar yang enak sekali, hanya di rumah peternakan ini seperti tidak ada yang menarik. datang saja untuk minum susu","î£œ","î ","Bagikan","Lihat versi asli (Melayu)","Diterjemahkan oleh Google","ãƒ»"
"Maria Zega","5 tahun lalu","Menyenangkan bagi yang berburu foto ala belanda atau sekedar duduk-duduk di area food court, tiket masuk 25k per orang. Tersedia juga tiket masuk beberapa wahana atau spot foto tematik","î£œ","î ","Bagikan","Lihat versi asli (Melayu)","Diterjemahkan oleh Google","ãƒ»"
"Maryam Johar","6 tahun lalu","Tempat yang luas. Cocok untuk keluarga atau pasangan yang menyukai binatang. Pemandangan yang indah. Kamu bisa menyewa baju Belanda ğŸ˜ meski kamu ingin menyombongkannya â€¦","î£œ","î ","Bagikan","Lihat versi asli (Melayu)","Diterjemahkan oleh Google","ãƒ»"
"maria palayukan","3 tahun lalu","Cocok untuk anak-anak tentang binatang. Iklan kelinci, domba, plus dapatkan voucher untuk ditukar dengan susu","î£œ","î ","Bagikan","Lihat versi asli (Melayu)","Diterjemahkan oleh Google","ãƒ»"
"Mansour Hazazi","setahun lalu","Tempat yang sangat indah di Banduk, dan saya menyarankan semua orang untuk mengunjunginya. Harga masuknya per orang adalah 50 ribu rupee","î£œ","î ","Bagikan","Lihat versi asli (Arab)","Diterjemahkan oleh Google","ãƒ»"
"irfaniganata@yhoo.id irfani","setahun lalu","Renungkan pemirsa dan ambil foto. Apa gunanya membuat tubuh kurus?","î£œ","î ","Bagikan","Lihat versi asli (Melayu)","Diterjemahkan oleh Google","ãƒ»"
"Arief Gustiansyah","7 tahun lalu","Suasananya sejuk, tempatnya sejuk.  Sudah lama saya tidak merasakan disini, tidak ada tempat untuk menyewa baju belande","î£œ","î ","Bagikan","Lihat versi asli (Melayu)","Diterjemahkan oleh Google","ãƒ»"
"Mohammed Asad","sebulan lalu","Cocok untuk keluarga
Baik untuk keluarga","î£œ","î ","Bagikan","Lihat versi asli (Arab)","Diterjemahkan oleh Google","ãƒ»"
"Ruqayah Al dhamen","6 tahun lalu","Kami mengunjungi taman itu sangat indah. Anak-anak dan orang dewasa menikmatinya. Harga tiketnya masuk akal. Anda mendapat secangkir susu saat masuk.","î£œ","î ","Bagikan","Lihat versi asli (Arab)","Diterjemahkan oleh Google","ãƒ»"
"Yayah Rahman","sebulan lalu","Tidak sebanyak sebelumnya","î£œ","î ","Bagikan","Lihat versi asli (Melayu)","Diterjemahkan oleh Google","ãƒ»"
"ê¶Œì„±ì—°","7 tahun lalu","Saya tidak tahu, tapi saya pergi ke sana berdasarkan ulasan Google.
Datang dan kunjungi Bandung. Di dalamnya sangat bagus dan tidak apa-apa.
Saat Anda pergi, mereka memberi Anda segelas susu. Rasanya pedas dan enak.","î£œ","î ","Bagikan","Lihat versi asli (Korea)","Diterjemahkan oleh Google","ãƒ»"
"merida alenski","3 bulan lalu","Ramah anak-anak, tempat yang tepat untuk waktu bersama keluarga","î£œ","î ","Bagikan","Lihat versi asli (Melayu)","Diterjemahkan oleh Google","ãƒ»"
"Emiel van Daalen","2 tahun lalu","Tempat yang bagus untuk menghabiskan satu jam. Aku tertawa karena melihat di sana ada toko es krim dengan nama ""HAPPY"", salah, karena seharusnya HAPPY. Selanjutnya, terutama cara mengambil foto dengan biaya tambahan dan kios â€¦","î£œ","î ","Bagikan","Lihat versi asli (Belanda)","Diterjemahkan oleh Google","ãƒ»"
"Wisnu","5 tahun lalu","Ada spot foto menarik, ada penyewaan tempat khusus untuk berfoto. Ada banyak penjual kue di sini. Tiket masuk dapat ditukarkan dengan minuman susu rasa strawberry, vanilla atau coklat","î£œ","î ","Bagikan","Lihat versi asli (Melayu)","Diterjemahkan oleh Google","ãƒ»"
"Ela Pandji","3 tahun lalu","Tempatnya bagus, cocok untuk keluarga apalagi anak-anak, susu murninya enak...","î£œ","î ","Bagikan","Lihat versi asli (Melayu)","Diterjemahkan oleh Google","ãƒ»"
"Muhammad Ramlan","5 tahun lalu","Lokasinya sangat cocok untuk berfoto. Datang dan dapatkan susu gratis (rasa coklat, strawberry, susu asli). Jika berfoto di sini rata-rata memakan waktu satu jam, karena banyak spot menarik. Ini adalah hari libur bagi banyak orang di sini, jadi ini adalah hari kerja.","î£œ","î ","Bagikan","Lihat versi asli (Melayu)","Diterjemahkan oleh Google","ãƒ»"
"Azrila Irriyanto","6 tahun lalu","Tiketnya hanya 25.000 yen, dan saya juga dapat susu.
Luar biasa sekali ğŸ–’
Dombanya lucu ğŸ‘ğŸ
Namun baunya sedikit ğŸ˜¹ â€¦","î£œ","î ","Bagikan","Lihat versi asli (Jepang)","Diterjemahkan oleh Google","ãƒ»"
"Shiera Elena Yovika","4 tahun lalu","Jangan datang di akhir pekan, nanti ramai!","î£œ","î ","Bagikan","Lihat versi asli (Melayu)","Diterjemahkan oleh Google","ãƒ»"
"Someone","setahun lalu","Tempatnya bagus dan kecil, tidak banyak aktivitas
Ada penyewaan kostum setiap jam dengan fotografi","î£œ","î ","Bagikan","Lihat versi asli (Arab)","Diterjemahkan oleh Google","ãƒ»"
"wida herlina","6 tahun lalu","Aku ajak ibuku berlibur dulu.. Biar aku yang menjaga cucu-cucuku.. Jaga aku ya ma....","î£œ","î ","Bagikan","Lihat versi asli (Sunda)","Diterjemahkan oleh Google","ãƒ»"
"Sisca Ulfa Nesya","7 tahun lalu","Tempatnya mantap, asyik, cocok buat pecinta selfie.. ğŸ˜ â€¦","î£œ","î ","Bagikan","Lihat versi asli (Sunda)","Diterjemahkan oleh Google","ãƒ»"
"Ø¹Ù„ÙŠ Ø§Ø¨ÙˆØªØ±ÙƒÙŠ","3 bulan lalu","Keagungan tertinggi","î£œ","î ","Bagikan","Lihat versi asli (Arab)","Diterjemahkan oleh Google","ãƒ»"
"Teddy","6 tahun lalu","Anda membayar 25.000 rupee untuk masuk dan masing-masing diberi segelas besar susu.
Yang terpenting, interiornya tidak terlalu buruk. â€¦","î£œ","î ","Bagikan","Lihat versi asli (Korea)","Diterjemahkan oleh Google","ãƒ»"
"Anisatun Khaer","10 bulan lalu","Tempatnya bagus, sejuk,","î£œ","î ","Bagikan","Lihat versi asli (Melayu)","Diterjemahkan oleh Google","ãƒ»"
"ê¹€ì•—ì‚¬ê°€ì˜¤ë¦¬","2 tahun lalu","Meski tempatnya agak kecil, ada banyak hal lucu yang bisa dilihat.","î£œ","î ","Bagikan","Lihat versi asli (Korea)","Diterjemahkan oleh Google","ãƒ»"
"Ø§Ø­Ù…Ø¯ Ø¨Ø§Ø­Ù…ÙŠØ¯","6 tahun lalu","Bagus dan cocok untuk keluarga dan anak-anak
Setengah jam cukup untuk masuknya satu orang, besar atau kecil, hingga 30.000 rupee","î£œ","î ","Bagikan","Lihat versi asli (Arab)","Diterjemahkan oleh Google","ãƒ»"
"Nayya Family Channel","2 tahun lalu","Tiket masuknya dapat segelas susu.. Enak mantaappp","î£œ","î ","Bagikan","Lihat versi asli (Melayu)","Diterjemahkan oleh Google","ãƒ»"
"ridwan ibank","2 tahun lalu","Cocok sekali untuk mengajak anak jalan-jalan","î£œ","î ","Bagikan","Lihat versi asli (Melayu)","Diterjemahkan oleh Google","ãƒ»"
"abdullah mat noh","5 tahun lalu","Tempat yang sejuk dan nyaman. Sangat ramai di akhir pekan. Jangan membuang tiket masuknya. Pergi tebus susu di dekat konter check-in","î£œ","î ","Bagikan","Lihat versi asli (Melayu)","Diterjemahkan oleh Google","ãƒ»"
"Ø¹Ø¨Ø¯Ø§Ù„Ø±Ø­Ù…Ù† Ø§Ù„Ø¹Ù…Ø±ÙŠ","5 tahun lalu","Peternakan yang indah dan manis untuk dikunjungi, namun akan berada di penghujung program wisata sebelum mall di bandung ğŸ’œ â€¦","î£œ","î ","Bagikan","Lihat versi asli (Arab)","Diterjemahkan oleh Google","ãƒ»"
"dyah195 (cikyaya)","4 tahun lalu","Saat saya ke sini hari sudah gelap dan hujan, ditambah lagi banyak anak sekolah yang berlibur ke sini, jadi hanya sebatas berfoto. Lagipula capek dari Dago Dreampark, Taman Begonia & Pasar Terapung","î£œ","î ","Bagikan","Lihat versi asli (Melayu)","Diterjemahkan oleh Google","ãƒ»"
"Ø¹Ø¨Ø¯Ø§Ù„Ù„Ù‡ Ø³Ø¹Ø¯","7 bulan lalu","Sangat indah, memiliki makanan untuk hewan dan pemandangan yang indah. Ini adalah desa bergaya Belanda, memiliki toko, restoran, dan kopi. Saat Anda keluar atau masuk, setiap tiket memiliki minuman susu dan Anda dapat menukarnya dengan diskon di restoran.","î£œ","î ","Bagikan","Lihat versi asli (Arab)","Diterjemahkan oleh Google","ãƒ»"
"Agus Saepuloh","2 minggu lalu","Tidak sebanyak sebelumnya","î£œ","î ","Bagikan","Lihat versi asli (Melayu)","Diterjemahkan oleh Google","ãƒ»"
"íŠ€ê¹€","4 tahun lalu","Cocok sekali untuk istirahat dan berfoto, namun jika mencoba merasakannya harus mengeluarkan biaya tambahan setiap saat.","î£œ","î ","Bagikan","Lihat versi asli (Korea)","Diterjemahkan oleh Google","ãƒ»"
"Arif Setiasih","3 tahun lalu","Tempatnya bagus, sejuk dan luas.","î£œ","î ","Bagikan","Lihat versi asli (Melayu)","Diterjemahkan oleh Google","ãƒ»"
"Sharkira Biz","6 tahun lalu","Menariknya, harga tiketnya bisa ditukarkan dengan susu! Tempat yang bagus untuk dikunjungi ğŸ˜Š â€¦","î£œ","î ","Bagikan","Lihat versi asli (Melayu)","Diterjemahkan oleh Google","ãƒ»"
"Ù…Ø§Ø¬Ø¯ Ø§Ù„Ù…Ø§Ù„ÙƒÙŠ","6 tahun lalu","Tempat indah yang sangat saya rekomendasikan untuk dikunjungi. Tiket masuknya 25 ribu rupee per orang setara dengan 7 riyal Saudi, sekitar 2 dolar AS. Ada toko suvenir, tiket, pakaian, restoran, dan kafe. Sangat menyenangkan seolah-olah â€¦","î£œ","î ","Bagikan","Lihat versi asli (Arab)","Diterjemahkan oleh Google","ãƒ»"
"Dik Matt","6 tahun lalu","Tempat yang menarik untuk keluarga
Udara dingin
Ini sangat keren","î£œ","î ","Bagikan","Lihat versi asli (Melayu)","Diterjemahkan oleh Google","ãƒ»"
"Peter Wissink","3 tahun lalu","Tempat yang indah dan menyenangkan untuk melihat-lihat selama satu atau 2 jam.","î£œ","î ","Bagikan","Lihat versi asli (Belanda)","Diterjemahkan oleh Google","ãƒ»"
"Chad Park","5 tahun lalu","Saya berkunjung setelah mendengar bahwa ada bangunan bergaya Eropa, tetapi hanya cangkangnya yang bergaya Eropa, dan di dalamnya terdapat kumpulan toko yang menjual barang-barang jelek. Aku meminum segelas susu yang diberikan bersama tiket â€¦","î£œ","î ","Bagikan","Lihat versi asli (Korea)","Diterjemahkan oleh Google","ãƒ»"
"Hernanto Adwiluvito","5 tahun lalu","Tidak terlalu lebar. cukup banyak bahkan di hari biasa","î£œ","î ","Bagikan","Lihat versi asli (Melayu)","Diterjemahkan oleh Google","ãƒ»"
"atika sari","2 tahun lalu","Sejuk, bersih dan nyaman, cocok untuk berwisata bersama keluarga","î£œ","î ","Bagikan","Lihat versi asli (Sunda)","Diterjemahkan oleh Google","ãƒ»"
"Razan Sw","3 bulan lalu","Tempatnya sangat kecil dan tidak layak untuk dikunjungi dan harganya mahal. Yang terbaik adalah peternakan di Puncak","î£œ","î ","Bagikan","Lihat versi asli (Arab)","Diterjemahkan oleh Google","ãƒ»"
"Yoshua Dyan","4 tahun lalu","Suasana sejuk dan sejuk tidak akan pernah terlupakan, tempatnya asyik dan seru","î£œ","î ","Bagikan","Lihat versi asli (Melayu)","Diterjemahkan oleh Google","ãƒ»"
"maria meyfung","2 tahun lalu","Masakan asam manisnya sangat manis...","î£œ","î ","Bagikan","Lihat versi asli (Sunda)","Diterjemahkan oleh Google","ãƒ»"
"Abdul-Malik M","5 tahun lalu","Tempat yang indah dan kecil dengan sekelompok hewan seperti hamster, domba, burung, reptil, dan tempat bermain anak-anak, namun agak kecil dan sedikit ramai di akhir pekan. Biaya masuknya 60.000 dengan parkir untuk dua orang , dan anak di bawah 3 tahun tidak dihitung.","î£œ","î ","Bagikan","Lihat versi asli (Arab)","Diterjemahkan oleh Google","ãƒ»"
"Waleed Mohammed","6 tahun lalu","Tempat yang bagus. Tiket masuknya 25.000 termasuk susu","î£œ","î ","Bagikan","Lihat versi asli (Arab)","Diterjemahkan oleh Google","ãƒ»"
"é¦®å»‰æ„·","6 tahun lalu","Gaya Belandanya cukup kaya, cocok untuk jalan-jalan keluarga dan fotografi, atau Anda bisa sekedar bersantai dan minum kopi sepanjang sore.","î£œ","î ","Bagikan","Lihat versi asli (Tionghoa)","Diterjemahkan oleh Google","ãƒ»"
"puteri suria","5 tahun lalu","Tempat yang bagus
Banyak hot spot untuk berfoto ğŸ‘ğŸ» â€¦","î£œ","î ","Bagikan","Lihat versi asli (Melayu)","Diterjemahkan oleh Google","ãƒ»"
"Haily Lee","setahun lalu","Saya pergi pada hari kerja dan menikmati pemandangan. Harga makanannya masuk akal dan segelas susu sudah termasuk dalam biaya masuk. Anda juga dapat merasakan memberi makan domba dan menaiki seluncuran kecil yang disebut Hobbit Slide. â€¦","î£œ","î ","Bagikan","Lihat versi asli (Korea)","Diterjemahkan oleh Google","ãƒ»"
"Mr. AhmÃ©t","7 tahun lalu","Desa ala hobbit, suasana di Belanda & susu asli yang nikmat.","î£œ","î ","Bagikan","Lihat versi asli (Melayu)","Diterjemahkan oleh Google","ãƒ»"
"Marahib Alsharif","3 tahun lalu","desa Skotlandia
Tempat menakjubkan di mana Anda bisa mengenakan pakaian Skotlandia dan berfoto","î£œ","î ","Bagikan","Lihat versi asli (Arab)","Diterjemahkan oleh Google","ãƒ»"
"Thoriq TNZ","3 tahun lalu","Pemandangan yang bagus untuk mengambil foto, Menyegarkan, sangat ramai di akhir pekan","î£œ","î ","Bagikan","Lihat versi asli (Melayu)","Diterjemahkan oleh Google","ãƒ»"
"Ryan Hidayat","setahun lalu","Suasananya sejuk, ramai juga","î£œ","î ","Bagikan","Lihat versi asli (Melayu)","Diterjemahkan oleh Google","ãƒ»"
"Uje Shaka","5 tahun lalu","Tempatnya luas, suasananya menyenangkan, cocok sekali untuk berlibur,","î£œ","î ","Bagikan","Lihat versi asli (Sunda)","Diterjemahkan oleh Google","ãƒ»"
"Evi","3 tahun lalu","Suasananya sejuk, banyak bunga dan Dikasih susu segar lembang gratis.","î£œ","î ","Bagikan","Lihat versi asli (Melayu)","Diterjemahkan oleh Google","ãƒ»"
"Izzy Naaz","5 tahun lalu","Punya pai susu yang enak!","î£œ","î ","Bagikan","Lihat versi asli (Melayu)","Diterjemahkan oleh Google","ãƒ»"
"ASAD ALAAMRI","8 tahun lalu","Rumah pertanian adalah tempat yang indah dan indah di Lembang yang memiliki pasar warisan dan rumah-rumah tua","î£œ","î ","Bagikan","Lihat versi asli (Arab)","Diterjemahkan oleh Google","ãƒ»"
"Amaall154 G","6 bulan lalu","Tempat biasa, kurang dari biasanya. Ngomong-ngomong, mereka punya pelukis. Berhati-hatilah saat berhadapan dengannya. Dia buruk dalam menggambar dan mengubah orang menjadi monyet","î£œ","î ","Bagikan","Lihat versi asli (Arab)","Diterjemahkan oleh Google","ãƒ»"
"Sodikin Shapie","5 tahun lalu","Pemandangannya sangat indah..","î£œ","î ","Bagikan","Lihat versi asli (Melayu)","Diterjemahkan oleh Google","ãƒ»"
"Sri wahyuti","setahun lalu","Keren dan indah","î£œ","î ","Bagikan","Lihat versi asli (Melayu)","Diterjemahkan oleh Google","ãƒ»"
"Ayu Siri Ratana Chandra","3 tahun lalu","Bagus dan lengkap, harga oke","î£œ","î ","Bagikan","Lihat versi asli (Melayu)","Diterjemahkan oleh Google","ãƒ»"
"Agribisnis Info","2 tahun lalu","dapat tiket susu 20rb per orang. banyak orang","î£œ","î ","Bagikan","Lihat versi asli (Melayu)","Diterjemahkan oleh Google","ãƒ»"
"gigih prasetyo","setahun lalu","Bagus untuk membawa si kecil ke sini","î£œ","î ","Bagikan","Lihat versi asli (Melayu)","Diterjemahkan oleh Google","ãƒ»"
"Sumarno Ag","7 tahun lalu","Tempat yang tepat untuk kaum muda dan keluarga","î£œ","î ","Bagikan","Lihat versi asli (Sunda)","Diterjemahkan oleh Google","ãƒ»"
"Asrulsani Asrulsani","6 bulan lalu","Nyaman, sejuk..","î£œ","î ","Bagikan","","",""
"tia sucika","8 tahun lalu","Pemandangan bagus, banyak spot foto.. bersih, sejuk","î£œ","î ","Bagikan","Lihat versi asli (Melayu)","Diterjemahkan oleh Google","ãƒ»"
"Devia Rizkiana","6 tahun lalu","Senang memberi makan domba yang lucu. Hehehe","î£œ","î ","Bagikan","Lihat versi asli (Melayu)","Diterjemahkan oleh Google","ãƒ»"
"Wulan Rahmadianty","4 tahun lalu","tempat yang bagus dan sejuk","î£œ","î ","Bagikan","Lihat versi asli (Melayu)","Diterjemahkan oleh Google","ãƒ»"
"Ahmad Saifullah","3 bulan lalu","baik untuk anak-anak","î£œ","î ","Bagikan","Lihat versi asli (Melayu)","Diterjemahkan oleh Google","ãƒ»"
"Dian","setahun lalu","Agak membosankan di sini","î£œ","î ","Bagikan","Lihat versi asli (Melayu)","Diterjemahkan oleh Google","ãƒ»"
"Erik Ferdiyan","6 tahun lalu","Tempat rekreasi dan sarana belajar alam yang menyenangkan untuk keluarga","î£œ","î ","Bagikan","Lihat versi asli (Melayu)","Diterjemahkan oleh Google","ãƒ»"
"Ø¹Ø¨Ø¯Ø§Ù„Ù„Ù‡ Ø¹Ù„ÙŠ","6 tahun lalu","Itu adalah kunjungan yang indah karena keindahan pemandangan, kebersihan dan penyediaan layanan.","î£œ","î ","Bagikan","Lihat versi asli (Arab)","Diterjemahkan oleh Google","ãƒ»"
"Ati Kusmiati","4 tahun lalu","Senang rasanya punya foto.","î£œ","î ","Bagikan","Lihat versi asli (Sunda)","Diterjemahkan oleh Google","ãƒ»"
"Emi Vaerus","setahun lalu","Keren dan bagus untuk foto","î£œ","î ","Bagikan","Lihat versi asli (Melayu)","Diterjemahkan oleh Google","ãƒ»"
"Joe Brando","8 tahun lalu","Tempat yang menarik untuk dikunjungi di Bandung","î£œ","î ","Bagikan","Lihat versi asli (Melayu)","Diterjemahkan oleh Google","ãƒ»"
"Dimas Kusaryanto","5 tahun lalu","Tempatnya sempit, spot selfienya tidak terlalu lebar, tiketnya ada dua yaitu tiket biasa (tanpa hobbit) dan tiket terusan (dengan hobbit). Tiket bisa ditukar dengan susu. Tempat parkirnya sangat luas. Udara dingin","î£œ","î ","Bagikan","Lihat versi asli (Melayu)","Diterjemahkan oleh Google","ãƒ»"
"ida widyawati","5 tahun lalu","disana banyak spot selfie dengan alam yang sejuk.....","î£œ","î ","Bagikan","Lihat versi asli (Melayu)","Diterjemahkan oleh Google","ãƒ»"
"Ryan Park","setahun lalu","Ini bagus untuk tamasya singkat.
Anda juga bisa menyewa kostum dan berfoto.
Biaya sewa: 170.000 rupee per orang â€¦","î£œ","î ","Bagikan","Lihat versi asli (Korea)","Diterjemahkan oleh Google","ãƒ»"
"Maz Zalan","4 tahun lalu","Iya aku suka banget disini karena seperti di Cameron Highlands Malaysia, hanya saja tidak sedingin itu. â€¦","î£œ","î ","Bagikan","Lihat versi asli (Melayu)","Diterjemahkan oleh Google","ãƒ»"
"XIAO JIA","setahun lalu","Area pemandangannya tidak luas dan dapat dikunjungi paling lama dua jam. Fasilitasnya agak tua, tapi harganya sangat terjangkau dan ada susu gratis.","î£œ","î ","Bagikan","Lihat versi asli (Tionghoa)","Diterjemahkan oleh Google","ãƒ»"
"Sophia Hia","6 tahun lalu","Merasa sangat senang bisa terbang","î£œ","î ","Bagikan","Lihat versi asli (Melayu)","Diterjemahkan oleh Google","ãƒ»"
"Ø³Ø§Ù„Ù… Ø§Ù„Ø²Ø¹Ø§Ø¨ÙŠ","6 tahun lalu","Tidak ada yang salah dengannya... itu pasar dan begitu masuk kamu minum susu, yang nilainya dibayar sebagai bagian dari biaya masuk...","î£œ","î ","Bagikan","Lihat versi asli (Arab)","Diterjemahkan oleh Google","ãƒ»"
"amri ghaffar","5 tahun lalu","Tempat yang menarik untuk dikunjungi. Cuacanya cukup dingin. Cocok untuk wisatawan & pegawai lokal untuk mengistirahatkan pikiran dari penatnya tugas sehari-hari. Jangan lupa bolu susu dengan berbagai bumbu sebelum kembali ke hotel","î£œ","î ","Bagikan","Lihat versi asli (Melayu)","Diterjemahkan oleh Google","ãƒ»"
"Hussam Hakami","2 tahun lalu","Taman yang indah, kecil, rapi yang didedikasikan untuk fotografi dan melampirkan kenangan. Memiliki tempat khusus untuk berbelanja dan membeli beberapa kenangan. Nilai masuknya per orang adalah 35 rupee dan sudah termasuk stroberi, coklat, atau susu biasa gratis.","î£œ","î ","Bagikan","Lihat versi asli (Arab)","Diterjemahkan oleh Google","ãƒ»"
"Jamnah Jaidi","5 tahun lalu","Serasa berada di Belanda...","î£œ","î ","Bagikan","Lihat versi asli (Melayu)","Diterjemahkan oleh Google","ãƒ»"
"Nandin Maharani","4 tahun lalu","Dingin sekali. Beri aku susu lagi. Recomended buat yang suka selfie","î£œ","î ","Bagikan","Lihat versi asli (Melayu)","Diterjemahkan oleh Google","ãƒ»"
"andika lesmana","4 tahun lalu","Serunya sampai capek dan berseru","î£œ","î ","Bagikan","Lihat versi asli (Melayu)","Diterjemahkan oleh Google","ãƒ»"
"ì •ë³´ì„","6 tahun lalu","Susunya enak dan banyak restoran jadi banyak yang bisa dimakan. Ada juga banyak toko tempat Anda bisa membeli oleh-oleh, dan oleh-olehnya lumayan dibandingkan tempat lain dari segi kualitas dan harga. Selain itu, Anda dapat melihat binatang â€¦","î£œ","î ","Bagikan","Lihat versi asli (Korea)","Diterjemahkan oleh Google","ãƒ»"
"SebastiÃ£o Tavares","8 bulan lalu","Cukup kumuh dan menyedihkan. Hanya bagian kelinci yang bisa menyenangkan bagi anak-anak","î£œ","î ","Bagikan","Lihat versi asli (Portugis)","Diterjemahkan oleh Google","ãƒ»"
"FirMN","5 tahun lalu","Salah satu pemberhentian terbaik di kawasan Lembang. Pemandangan hijau. Foto2 instagram. Makanan juga tersedia, hanya sedikit mahal. Tiket masuk Rp20000 per orang & bisa ditukar dengan susu (rasa choc atau reguler). Sangat cocok jika ingin berkunjung bersama anak-anak. Dia memang orang yang bahagia","î£œ","î ","Bagikan","Lihat versi asli (Melayu)","Diterjemahkan oleh Google","ãƒ»"
"Uda Padang","setahun lalu","Lindungi dan dinginkan","î£œ","î ","Bagikan","Lihat versi asli (Melayu)","Diterjemahkan oleh Google","ãƒ»"
"ENG H","7 tahun lalu","Merupakan miniatur peternakan yang berkarakter Belanda. Tempatnya tertata dan bersih, ide tempatnya unik, dan biaya tiketnya tidak mahal. Anda bisa mendapatkan susu untuk harga tiketnya, tetapi jalannya agak bergelombang dan tempat parkirnya bagus agak sedikit. Jalan setapak di taman ini sempit di beberapa tempat","î£œ","î ","Bagikan","Lihat versi asli (Arab)","Diterjemahkan oleh Google","ãƒ»"
"eliza elfiana","11 bulan lalu","Keren dan banyak spot foto yang bagus","î£œ","î ","Bagikan","Lihat versi asli (Melayu)","Diterjemahkan oleh Google","ãƒ»"
"Patricia Lie","7 tahun lalu","Terlalu ramai saat akhir pekan, tapi sejauh ini tempatnya oke.","î£œ","î ","Bagikan","Lihat versi asli (Melayu)","Diterjemahkan oleh Google","ãƒ»"
"Harry Harry","5 tahun lalu","Bisa ajak anak-anak kesini, banyak spot fotonya. Harga tiket masuk sudah termasuk satu buah susu segar yang dapat ditukarkan saat masuk atau keluar.","î£œ","î ","Bagikan","Lihat versi asli (Melayu)","Diterjemahkan oleh Google","ãƒ»"
"ê¹€ê²½ì• ","5 tahun lalu","Saya merekomendasikannya~~Senang rasanya membawa bekal makan siang bersama anak-anak dan pergi piknik^^","î£œ","î ","Bagikan","Lihat versi asli (Korea)","Diterjemahkan oleh Google","ãƒ»"
"Novi Noviyanti","5 tahun lalu","Bagus dan keren","î£œ","î ","Bagikan","Lihat versi asli (Melayu)","Diterjemahkan oleh Google","ãƒ»"
"Syafitri Oktavia Yuniar","2 tahun lalu","Kedua kalinya di sini, sekarang ada perosotan hobbit","î£œ","î ","Bagikan","Lihat versi asli (Melayu)","Diterjemahkan oleh Google","ãƒ»"
"Avida Sa'ya","2 tahun lalu","Tiketnya ditukar dengan pilihan susu rasa coklat strawberry ori yang didalamnya ada juga yang membayar lebih seperti kelinci dan rusa.","î£œ","î ","Bagikan","Lihat versi asli (Melayu)","Diterjemahkan oleh Google","ãƒ»"
"Andri Prasetya Dewantara","6 tahun lalu","Sipp hanya kekurangan kendaraan

Minum sirup dengan kemangi. â€¦","î£œ","î ","Bagikan","Lihat versi asli (Melayu)","Diterjemahkan oleh Google","ãƒ»"
"Amelia Cakcak","3 tahun lalu","Seringkali di sana, susu di dalam cangkir tidak enak. Rasanya agak encer. Dia pulang dengan sakit perut ğŸ˜­
Saya tidak ingin bermain di sana lagi.
kalau dia bilang begitu, maafkan aku ğŸ˜­ğŸ˜­ğŸ˜­ğŸ˜­ğŸ˜­ â€¦","î£œ","î ","Bagikan","Lihat versi asli (Sunda)","Diterjemahkan oleh Google","ãƒ»"
"Ù‡Ù†Ù„Ù Ø§Ù„Ø¯Ù†ÙŠØ§","6 tahun lalu","Tempat santai dengan pemandangan indah dan suvenir","î£œ","î ","Bagikan","Lihat versi asli (Arab)","Diterjemahkan oleh Google","ãƒ»"
"Wng Sri","7 tahun lalu","terlalu banyak orang di akhir pekan, tapi bagi yang suka keramaian mungkin bisa menikmatinya, tapi bagi yang ingin suasana sejuk asri,......pasti tidak","î£œ","î ","Bagikan","Lihat versi asli (Melayu)","Diterjemahkan oleh Google","ãƒ»"
"Erni Yanti","sebulan lalu","Aassyyyyyyyyyyyyyyyyyyyyyyy","î£œ","î ","Bagikan","Lihat versi asli (Suomi)","Diterjemahkan oleh Google","ãƒ»"
"Mashuri Mashuri","5 tahun lalu","Banyak objek yang Instagramable, parkirannya kurang luas","î£œ","î ","Bagikan","Lihat versi asli (Melayu)","Diterjemahkan oleh Google","ãƒ»"
"Muhammad Rizki Maulana","5 tahun lalu","Salah satu tempat yang recomended untuk ajak teman atau keluarga.. tempatnya sejuk, luas, banyak pilihan dan spot foto menarik","î£œ","î ","Bagikan","Lihat versi asli (Melayu)","Diterjemahkan oleh Google","ãƒ»"
"Nolis Laela","5 tahun lalu","Bagus, masih cantik dan sejuk","î£œ","î ","Bagikan","Lihat versi asli (Melayu)","Diterjemahkan oleh Google","ãƒ»"
"tri nursanto","6 tahun lalu","Keren. Ramai. Cocok untuk keluarga","î£œ","î ","Bagikan","Lihat versi asli (Melayu)","Diterjemahkan oleh Google","ãƒ»"
"R Stg","setahun lalu","Buatlah liburan akhir pekan bersama keluarga.","î£œ","î ","Bagikan","Lihat versi asli (Melayu)","Diterjemahkan oleh Google","ãƒ»"
"Hani Al-Nasser","5 tahun lalu","Farmhouse Soso adalah desa industri yang baru didirikan di kota Lembang, setengah jam perjalanan dari Bandung di Indonesia. Ini adalah tempat sejuk dan hijau bergaya pedesaan Belanda. â€¦","î£œ","î ","Bagikan","Lihat versi asli (Arab)","Diterjemahkan oleh Google","ãƒ»"
"Nabel","2 bulan lalu","baiklah kamu bisa","î£œ","î ","Bagikan","Lihat versi asli (Melayu)","Diterjemahkan oleh Google","ãƒ»"
"Asriani Hasan","6 tahun lalu","Rasakan suasana Peternakan yang sesungguhnya ğŸ˜Š â€¦","î£œ","î ","Bagikan","Lihat versi asli (Melayu)","Diterjemahkan oleh Google","ãƒ»"
"Ronny Mini","setahun lalu","Tidak apa-apa","î£œ","î ","Bagikan","Lihat versi asli (Melayu)","Diterjemahkan oleh Google","ãƒ»"
"sofyan0pan","6 tahun lalu","Tempatnya terlalu kecil, kalau weekend ramai sekali tidak boleh bawa makanan dan minuman dari luar (uang saya), aneh","î£œ","î ","Bagikan","Lihat versi asli (Melayu)","Diterjemahkan oleh Google","ãƒ»"
"annisa rachman","5 tahun lalu","Bagus, tiket masuknya bisa ditukar dengan susu","î£œ","î ","Bagikan","Lihat versi asli (Melayu)","Diterjemahkan oleh Google","ãƒ»"
"Guntur Anggriana","3 tahun lalu","Cocok untuk mengasuh anak.","î£œ","î ","Bagikan","Lihat versi asli (Melayu)","Diterjemahkan oleh Google","ãƒ»"
"saint riches","5 tahun lalu","Nggak terlalu ribet sih, tapi kalau sambil minum susu murni, okelah, udaranya sejuk, murah meriah.","î£œ","î ","Bagikan","Lihat versi asli (Melayu)","Diterjemahkan oleh Google","ãƒ»"
"Budy Permana","5 tahun lalu","Tempatnya yang bersih, sejuk dan asri dengan banyak pepohonan dan tanaman bunga ditambah banyaknya makanan dan minuman menjadikan tempat ini cocok sebagai tempat istirahat dan mengisi ulang tenaga.","î£œ","î ","Bagikan","Lihat versi asli (Melayu)","Diterjemahkan oleh Google","ãƒ»"
"redkobis Hemohemo","6 tahun lalu","It's ok.. buat yang suka binatang.. dekat dengan kota bandung.. di lembang.. kesini aja.. langsung ke floating market. Bayar 20k++ untuk masuk.. trus tiket masuknya cuma bisa ditukar susu.. fotoin segelas susunya aja.. lagi ngetren lho.. ğŸ˜ â€¦","î£œ","î ","Bagikan","Lihat versi asli (Melayu)","Diterjemahkan oleh Google","ãƒ»"
"Aam Ilham","6 tahun lalu","Tidak ada tempat yang nyaman bagi pengemudi","î£œ","î ","Bagikan","Lihat versi asli (Jawa)","Diterjemahkan oleh Google","ãƒ»"
"Ø§Ù„Ù‡Ø§Ù… _ ØµØ§Ù„Ø­","setahun lalu","Farm House Park ğŸ‘©ğŸ»â€ğŸŒ¾ğŸ  Peternakan Sapi ğŸ„ juga indah dan menyenangkan, tapi saya tidak menyarankan anda untuk minum susu sapi karena susu sapi diketahui menyebabkan brucellosis, jadi tidak perlu kecuali bagi orang yang terbiasa minum susu â€¦","î£œ","î ","Bagikan","Lihat versi asli (Arab)","Diterjemahkan oleh Google","ãƒ»"
"Wes K","setahun lalu","Hanya B.
Beli susu saja pakai tiket masuk.","î£œ","î ","Bagikan","Lihat versi asli (Melayu)","Diterjemahkan oleh Google","ãƒ»"
"Ramus nil","setahun lalu","Tempat yang tepat untuk membawa anak"", banyak permainan dan binatang","î£œ","î ","Bagikan","Lihat versi asli (Melayu)","Diterjemahkan oleh Google","ãƒ»"
"ì œì´ì˜¤ì˜¤ì—”","8 tahun lalu","Saya menyukainya karena dibuat dengan sangat baik dengan suasana Belanda, tetapi saya sedikit kecewa karena makanan di restoran yang saya makan di dalamnya terlalu asin... Namun, Munwi adalah yang terbaik dan anak muda akan menyukainya beli â€¦","î£œ","î ","Bagikan","Lihat versi asli (Korea)","Diterjemahkan oleh Google","ãƒ»"
"Rofi KJ","5 tahun lalu","Sangat dingin","î£œ","î ","Bagikan","Lihat versi asli (Melayu)","Diterjemahkan oleh Google","ãƒ»"
"Novi Jayden","4 tahun lalu","Tempatnya adem, binatangnya banyak, tiket masuknya ditukar dengan minuman jadi worth it..","î£œ","î ","Bagikan","Lihat versi asli (Melayu)","Diterjemahkan oleh Google","ãƒ»"
"Safia saad","5 tahun lalu","Indah sekali bagi yang ingin membayangkan tempat kecil, bukan tempat besar, mereka memberi Anda susu sapi gratis. Ada tempat untuk anak-anak, mereka mendandani mereka dengan harga tertentu dan Anda memotretnya, atau yang lebih penting, mereka memotretnya dan mencetak gambarnya dengan harga kedua.","î£œ","î ","Bagikan","Lihat versi asli (Arab)","Diterjemahkan oleh Google","ãƒ»"
"Mansoor Al Rashdi","5 tahun lalu","Tempat yang bagus, biaya masuk yang murah, dan mereka memberi Anda secangkir susu untuk setiap tiket.
Idenya bagus, perawatannya bagus, dan makanannya enak.","î£œ","î ","Bagikan","Lihat versi asli (Arab)","Diterjemahkan oleh Google","ãƒ»"
"Roy Christian","8 tahun lalu","Tempatnya membosankan, makanannya mahal, susunya mahal, beli wortel untuk kelincinya juga mahal.","î£œ","î ","Bagikan","Lihat versi asli (Sunda)","Diterjemahkan oleh Google","ãƒ»"
"Ardye Aldaffa","2 tahun lalu","jikağŸ‘ğŸ‘ğŸ‘ â€¦","î£œ","î ","Bagikan","Lihat versi asli (Suomi)","Diterjemahkan oleh Google","ãƒ»"
"Kemas Mendi","4 tahun lalu","Masih cantik dan keren","î£œ","î ","Bagikan","Lihat versi asli (Melayu)","Diterjemahkan oleh Google","ãƒ»"
"Putri Hartati","3 tahun lalu","Keren, anak-anak pasti senang","î£œ","î ","Bagikan","Lihat versi asli (Melayu)","Diterjemahkan oleh Google","ãƒ»"
"Johnny Lai","6 tahun lalu","Tempat yang indah.. Banyak bangunan berciri khas Belanda.. Bagi yang suka berfoto, inilah tempat yang patut dikunjungi.. Secangkir susu gratis untuk pengunjung..","î£œ","î ","Bagikan","Lihat versi asli (Melayu)","Diterjemahkan oleh Google","ãƒ»"
"catur ibnu saputro","7 tahun lalu","ramai di akhir pekan","î£œ","î ","Bagikan","Lihat versi asli (Melayu)","Diterjemahkan oleh Google","ãƒ»"
"abdullah Essa","2 tahun lalu","Peternakan yang indah dan menyenangkan dengan beberapa hewan yang bisa Anda beri makan dan berfoto bersama, seperti anak sapi, kelinci, domba, penyu, dan lain-lain. â€¦","î£œ","î ","Bagikan","Lihat versi asli (Arab)","Diterjemahkan oleh Google","ãƒ»"
"Anjas Bhagaskara","setahun lalu","Lulus untuk anak-anak","î£œ","î ","Bagikan","Lihat versi asli (Melayu)","Diterjemahkan oleh Google","ãƒ»"
"Anita Harriyanti","2 tahun lalu","Tempatnya bersih, tapi tidak seluas yang diharapkan...hahahahh","î£œ","î ","Bagikan","Lihat versi asli (Melayu)","Diterjemahkan oleh Google","ãƒ»"
"Sita Noviansyah","6 tahun lalu","Betah berada di negara lain..ğŸ˜‰ â€¦","î£œ","î ","Bagikan","Lihat versi asli (Melayu)","Diterjemahkan oleh Google","ãƒ»"
"FA Enzi","setahun lalu","Tempatnya memang agak tua, namun pengalaman mengunjunginya tidak menghalangi Anda untuk pergi ke sana. Mereka memberi Anda susu segar di akhir kunjungan","î£œ","î ","Bagikan","Lihat versi asli (Arab)","Diterjemahkan oleh Google","ãƒ»"
"Rendy Ferdian","5 tahun lalu","Cukup banyak setiap akhir pekan namun tidak ada alasan untuk datang lagi di kesempatan lain","î£œ","î ","Bagikan","Lihat versi asli (Melayu)","Diterjemahkan oleh Google","ãƒ»"
"Eman","7 tahun lalu","Peternakan bergaya Belanda, tempat yang indah untuk orang dewasa dan anak-anak. Terdapat domba dan kelinci serta toko-toko yang menjual manisan, dan Anda bisa menyewa pakaian untuk berfoto.","î£œ","î ","Bagikan","Lihat versi asli (Arab)","Diterjemahkan oleh Google","ãƒ»"
"Shareen Izudin","6 tahun lalu","Susu enak dan tempat menarik","î£œ","î ","Bagikan","Lihat versi asli (Melayu)","Diterjemahkan oleh Google","ãƒ»"
"Mohamad Faizal Md Said","5 tahun lalu","Petualangan baru disini....Saya gembira melihat kambing memakan lobak!..Saya melihat kembali gambar kambing di gudang.","î£œ","î ","Bagikan","Lihat versi asli (Melayu)","Diterjemahkan oleh Google","ãƒ»"
"Keisya Rajwa","6 tahun lalu","Sebaiknya jika ingin menghabiskan akhir pekan di dekat sini, kamu bisa mendapatkan susu murni secara gratis","î£œ","î ","Bagikan","Lihat versi asli (Melayu)","Diterjemahkan oleh Google","ãƒ»"
"Ismi Febrian","5 tahun lalu","""Buat foto"" baik-baik saja","î£œ","î ","Bagikan","Lihat versi asli (Melayu)","Diterjemahkan oleh Google","ãƒ»"
"indra mahesa","5 tahun lalu","Bagus, keren dan indah","î£œ","î ","Bagikan","Lihat versi asli (Melayu)","Diterjemahkan oleh Google","ãƒ»"
"Amani","setahun lalu","Pemotretan yang bagus. Akhirnya, mereka memberi Anda susu yang sangat-sangat enak","î£œ","î ","Bagikan","Lihat versi asli (Arab)","Diterjemahkan oleh Google","ãƒ»"
"Nana","setahun lalu","Tempatnya luar biasa, terutama anak-anak, bersenang-senang dengan binatang","î£œ","î ","Bagikan","Lihat versi asli (Arab)","Diterjemahkan oleh Google","ãƒ»"
"Ratna Ndraha","6 tahun lalu","Tempatnya keren, cuma perlu tambahan spot foto heheh","î£œ","î ","Bagikan","Lihat versi asli (Melayu)","Diterjemahkan oleh Google","ãƒ»"
"Antonius Crissandi","5 tahun lalu","Tempatnya bagus dan sejuk, cocok untuk foto-foto","î£œ","î ","Bagikan","Lihat versi asli (Melayu)","Diterjemahkan oleh Google","ãƒ»"
"Neli Marlina","6 tahun lalu","Anda bisa","î£œ","î ","Bagikan","Lihat versi asli (Melayu)","Diterjemahkan oleh Google","ãƒ»"
"Anna Pang","5 tahun lalu","Bunga, tanaman, dan bangunan bergaya Eropa ini sangat biasa bagi saya. Cuacanya bagus dan sejuk.","î£œ","î ","Bagikan","Lihat versi asli (Tionghoa)","Diterjemahkan oleh Google","ãƒ»"
"Sigit B","6 tahun lalu","Banyak orang, jika hari libur tiba di pagi hari, biar tidak terjebak kemacetan","î£œ","î ","Bagikan","Lihat versi asli (Melayu)","Diterjemahkan oleh Google","ãƒ»"
"bww bww","7 tahun lalu","Cocok untuk anak-anak bermain dengan domba, kelinci, dan anak sapi serta memberi makan mereka. Pemandangan alam yang indah di Abd, pusat kota Bandung","î£œ","î ","Bagikan","Lihat versi asli (Arab)","Diterjemahkan oleh Google","ãƒ»"
"Mohamad Aminudin","2 tahun lalu","Bagus...cocok untuk spot foto","î£œ","î ","Bagikan","Lihat versi asli (Melayu)","Diterjemahkan oleh Google","ãƒ»"
"togi sagala","setahun lalu","Besar","î£œ","î ","Bagikan","Lihat versi asli (Melayu)","Diterjemahkan oleh Google","ãƒ»"
"SEBLAKMASTUN 1927","4 tahun lalu","@SeblakMastun dan @MastunKunci liburan kesini,,, seru banget kejar dombağŸ¤£ğŸ¤£ğŸ¤£ â€¦","î£œ","î ","Bagikan","Lihat versi asli (Sunda)","Diterjemahkan oleh Google","ãƒ»"
"G Lisa","5 tahun lalu","Tempat refreshing bersama keluarga. Banyak spot foto.","î£œ","î ","Bagikan","Lihat versi asli (Melayu)","Diterjemahkan oleh Google","ãƒ»"
"Herpadiana","2 tahun lalu","","î£œ","î ","Bagikan","","",""
"Anisa Puspita","5 tahun lalu","tempat yang keren","î£œ","î ","Bagikan","Lihat versi asli (Melayu)","Diterjemahkan oleh Google","ãƒ»"
"Irviedella S A","5 tahun lalu","Cocok untuk foto dan bermain dengan anak-anak","î£œ","î ","Bagikan","Lihat versi asli (Melayu)","Diterjemahkan oleh Google","ãƒ»"
"Aam siti Maryam","setahun lalu","Mashallah","î£œ","î ","Bagikan","Lihat versi asli (Melayu)","Diterjemahkan oleh Google","ãƒ»"